ax,ay,az,gx,gy,gz
-0.001427815,0.003519992,1.037360127,-0.1581989,0.62810273,0.791143145
-0.016095444,-0.000455424,0.961115915,-0.745269195,0.322474508,0.192952648
0.006452117,-0.028804277,1.037546573,0.868849876,-0.309841801,0.164076975
-0.022891976,-0.005805594,0.963123558,-0.701998402,-0.635389636,-0.059671598
0.019437697,-0.01486142,1.027138555,-0.953358799,0.003033397,-0.760981015
0.036524704,-0.008756534,1.014816576,0.215661968,0.119497451,0.261463191
-0.018873421,0.012133983,0.997882428,0.993701503,-0.954774682,0.9292763
0.003135985,-0.029441238,0.971118367,0.99093986,0.878292216,0.409077245
-0.00247006,-0.041764446,1.04321267,-0.256735121,-0.787548199,-0.902477622
0.032001124,-0.014142662,0.989462475,0.325354466,0.048181712,0.451926961
-0.006350632,-0.016338789,0.956403165,0.593504657,-0.267151127,0.108575592
0.015632657,0.037190373,1.020917253,-0.049550957,-0.505050122,-0.900978175
-0.010702156,0.03391372,0.997075491,0.221122477,-0.17975403,-0.475914539
0.032185018,-0.025020596,0.977469918,-0.728407092,-0.505994361,-0.133132094
0.03636777,-0.02571306,1.036654989,0.917951413,0.279739465,-0.846342218
0.040359576,0.032956964,1.047575867,0.175602459,0.236679745,-0.801682464
-0.01748847,-0.046668092,0.983924338,-0.58747046,-0.131247918,-0.903934798
-0.024871364,-0.048222951,0.96248933,-0.987176488,-0.181659508,-0.822068217
0.029681671,-0.045272598,1.032436239,0.966224035,-0.572006888,-0.420742633
0.020726016,-0.039292899,0.954490135,-0.609351587,-0.294209628,0.129271783
0.01132835,-0.017707761,0.978093982,0.632672591,0.319113968,0.015133397
0.034000203,-0.020171045,0.968921345,-0.994700548,-0.470349869,0.275157771
-0.014488702,-0.049735637,1.012516927,0.381104807,0.943828288,0.778415478
0.027485468,0.019443502,0.952567384,-0.238296391,-0.758253825,-0.63504877
-0.044681712,-0.037198472,1.039599543,0.354116515,0.77127694,-0.991028493
0.021567335,0.029042883,0.998641016,-0.064807191,-0.72723314,-0.486662081
-0.044796656,0.003919139,1.046899043,-0.298450945,-0.830483992,0.807998456
0.029454769,-0.012176528,0.998397095,0.532833335,0.146888721,0.821831931
-0.002833169,0.02803724,1.01366897,-0.897833115,-0.410720536,0.039467601
0.043734543,0.037484374,0.984352867,-0.289733953,0.841660676,-0.684629466
-0.042141048,-0.039321333,0.981908821,0.865573464,-0.60717248,0.168317176
0.011893604,-0.031937675,0.970021222,-0.04870245,-0.57314357,0.88511044
-0.028387127,-0.043784259,1.024234753,0.598919817,0.859184577,-0.214844786
0.01134094,-0.032614699,1.047105847,0.163333634,0.006308151,0.049976522
0.00801067,0.01138288,1.019451098,-0.567540223,-0.506001749,0.325916543
0.016927204,-0.012790711,0.959734757,0.488869217,0.776810982,0.037539851
0.007267014,0.029483991,0.963204963,0.45219004,0.006157673,-0.547855948
0.008239257,-0.002727829,1.010563309,-0.355901731,-0.855947051,0.613347754
0.045492792,-0.009920359,1.011276757,0.122589073,0.574864658,-0.007834199
-0.030043489,0.013835384,1.007981688,0.72528828,-0.276949553,-0.683804411
-0.007388917,0.033424926,1.006151065,-0.989148799,-0.374822265,0.075859494
-0.011992576,0.037025129,0.994976148,-0.29083237,-0.983440585,-0.39856005
0.029115655,0.022811534,1.034384481,-0.77531094,-0.183361352,0.563922247
-0.010437073,0.023159003,1.023617344,0.395828492,-0.423242026,0.687033042
0.005991445,-0.034451254,0.993046024,0.442827662,-0.916279453,-0.217858926
0.043884046,0.021887517,0.989144013,0.492948916,-0.549431218,0.142059315
0.048748401,0.030456666,1.014724682,-0.145726626,-0.51265215,-0.147541958
0.01343559,-0.015628856,0.977203653,-0.758386471,-0.618415613,0.941128999
0.047473847,-0.013963008,0.999747635,-0.615829369,-0.507278464,-0.197730589
-0.046066292,-0.011431592,0.977991387,0.804313285,-0.592642987,-0.169950861
0.005871005,-0.003188252,0.97189903,0.204447902,0.462225704,0.677265071
0.027870046,0.030851671,1.033350213,-0.253776856,-0.351265391,-0.917973893
-0.035403631,0.00025559,0.977441156,-0.389696036,0.482517296,-0.117225149
0.042316656,0.046241453,0.989561624,0.540270587,0.330626884,0.875923775
-0.012032799,-0.00439594,0.965925392,0.30584722,0.079660304,-0.278969382
-0.020932199,-0.018284838,0.989669352,0.018618533,-0.334237797,0.954156373
0.039161313,-0.001840475,0.973477134,0.95263538,0.260604622,0.000801291
-0.00350771,-0.034653731,0.950930325,-0.648572505,-0.985147481,0.079328762
0.007709872,-0.02808568,1.028292843,0.830568663,0.897015956,-0.145742921
-0.044076302,-0.000526628,1.013453137,0.221616126,0.623088546,0.955115369
0.018706785,0.029311339,0.979089759,-0.28840951,0.121498991,-0.546131647
0.033662879,0.013454896,0.971809989,-0.800027201,0.235008036,-0.231643827
0.049441186,-0.021452678,1.044710224,-0.37597153,-0.889965323,-0.517683267
0.034643598,0.012570863,1.00802377,-0.603926428,-0.923008009,-0.795324898
-0.038491292,0.026161369,0.968468212,0.929773054,-0.443447687,0.087256699
0.006673982,0.017671161,1.000928794,-0.766983366,0.129930323,0.02259968
0.036935675,-0.039938717,0.982515464,0.487244577,-0.084023731,-0.452625093
-0.002877036,0.045603312,1.028070462,0.846124142,-0.247998994,-0.710565284
-0.002722508,0.045056354,0.971828356,0.687925891,0.103062374,-0.170072323
0.011010464,-0.034565962,1.038436458,-0.002660748,0.052777116,0.054914275
-0.037398817,0.031851606,0.983686246,-0.697455426,-0.26467962,0.204487563
-0.006068589,0.023652213,0.980622269,-0.852211986,-0.709213122,-0.742425324
-0.034428493,0.020449963,0.988844841,-0.136610078,0.574971734,-0.392973781
0.019113458,0.010903718,1.00640354,0.061305974,0.994042364,0.867191092
0.046936287,0.000520996,1.023892865,0.862724024,-0.427544591,0.729114762
0.049158648,0.031329601,1.002325836,-0.956136691,-0.974715768,-0.885847163
-0.043379596,-0.024778054,1.013652206,0.742694923,0.904682257,-0.677854584
0.00460351,0.009045557,0.972658446,0.070877097,0.189073583,-0.396110713
-0.017424082,0.048851849,1.040879214,0.363587175,-0.818918297,0.714390002
0.006814369,-0.031074427,1.020751442,-0.566509399,0.678888399,0.206999961
0.048487214,-0.041907601,0.985973849,-0.466867367,-0.303886619,-0.793259705
0.017487181,0.001834591,1.041585723,-0.913835938,-0.832075264,-0.638468072
0.01894312,-0.006805663,0.985995674,0.220403621,-0.443952609,0.405004162
0.040320283,-0.049564998,1.003404398,-0.444189083,-0.800726023,-0.734454317
-0.007131792,-0.00714431,1.043816288,-0.597313306,-0.496967203,-0.58647684
0.039261821,0.005459594,1.033519208,0.378111818,0.032235581,-0.26543233
-0.046712064,-0.014894444,1.029874665,0.915803263,0.585244867,0.251318324
0.023772154,-0.023227532,0.956027466,-0.526981034,-0.530490456,-0.5272623
0.027688359,-0.039226337,0.987892308,0.276271483,-0.911248501,0.036652243
-0.001041226,-0.04689069,1.033380384,-0.597894652,-0.934206987,-0.834980443
0.03644821,0.045622511,1.046607199,0.543600212,-0.064375572,-0.91288385
-0.017413498,0.039903452,1.020815536,0.008898256,0.850177674,-0.912106826
-0.044761296,-0.02797262,0.951609913,0.28240401,-0.878426155,0.193699174
0.022080311,0.002856816,1.027512864,-0.269829151,0.559171469,0.975279197
-0.03176034,-0.01865004,1.03843653,0.032301779,-0.528664337,-0.901192715
-0.03610268,0.049923162,1.028683428,0.356336881,0.14156581,-0.001929141
-0.012222489,-0.016577236,1.040371697,0.101998428,0.936343256,-0.537715786
-0.032938825,-0.032842171,1.011329264,0.745369693,0.318341425,0.857293935
-0.045325566,0.047642849,0.998030609,0.058967207,0.836390002,-0.236401641
0.049324316,0.020771049,1.045196499,0.2431317,0.43240619,-0.914146796
-0.044850032,-0.035755006,0.953445991,0.279680938,-0.519058517,-0.076921783
0.006422557,-0.031798402,0.95148538,0.427921784,-0.292053752,0.199849563
-0.011024389,0.030819332,0.980702463,-0.294343068,-0.882500918,-0.844649773
-0.020922248,-0.049166376,1.005796329,-0.811688517,0.921747842,0.834127416
0.024747627,-0.002641476,0.975467853,-0.374970715,-0.882679887,-0.468880325
0.033953346,0.027585694,0.96461133,-0.395790701,0.748132325,-0.543474916
-0.043296157,0.037626165,0.991839823,-0.80513133,0.771368495,0.511702788
-0.002343019,-0.010679598,1.028658822,-0.991618488,0.86543082,-0.582998282
-0.043636811,-0.026002217,0.983808212,0.204740278,0.604615194,0.131747815
-0.045977053,-0.029325263,1.020728397,0.812083297,0.626584234,-0.453511877
0.045882107,-0.010964844,0.999027235,0.549792842,0.849313721,-0.54507928
-0.030243452,0.030175725,0.955255959,-0.703277491,0.513468501,-0.529000831
0.046310553,0.037089571,1.044822767,0.133518095,-0.15046015,0.182463471
-0.021298553,-0.013640792,1.023362019,0.838339821,-0.798770097,-0.767357154
0.002022265,-0.006353954,1.049983012,-0.329299956,-0.164863429,-0.946603701
0.02984446,-0.014776683,1.02420367,0.68157062,0.555335095,0.66499697
-0.002088223,0.009025,0.986813285,-0.891646455,-0.210635506,0.386812115
0.034812992,-0.002168662,0.979289506,0.278906232,0.935628161,0.265465299
-0.029208223,0.026674853,1.041275376,-0.564034898,-0.646144128,0.018924414
-0.00701359,-0.039927898,0.991501134,0.658883861,-0.681508747,-0.340217809
0.007669759,0.032611813,1.03421951,0.442138035,-0.308475942,0.767641133
0.025216245,0.003783846,1.012482135,0.846834621,0.839517419,0.489759494
0.040858343,-0.047671803,1.042810957,0.186804425,0.737516395,-0.773822028
-0.012935255,0.001309396,0.974496151,-0.3802935,0.129677108,0.712881446
0.029185343,0.034563955,1.005314801,0.941218194,-0.634196419,-0.819883868
0.020623813,0.013558778,1.01294214,-0.637227398,0.160173993,-0.695022096
-0.046263395,0.026796688,1.034224014,0.847611773,0.798156175,0.965983927
0.007731372,0.01270009,1.03775921,-0.522616015,-0.052633497,-0.563500225
-0.02169781,-0.036148357,1.024791695,-0.090935116,0.289181888,-0.810646595
-0.043013416,0.003913023,0.976142016,-0.952439074,-0.925665204,-0.294581919
-0.020423651,0.011456594,0.971147596,-0.73143674,0.438085919,-0.606604262
0.048573093,0.011811348,1.033622372,-0.012971723,-0.943380213,-0.386894584
-0.047371686,0.022705559,0.967437859,0.381499186,0.691044931,0.902859093
0.033438634,-0.029309527,0.968185463,0.466393435,0.879770941,0.220186059
0.026534737,0.017069433,0.991569798,0.761025864,-0.899649779,0.328415531
0.045208565,-0.029704708,1.007799991,-0.891161058,-0.243827216,-0.584310961
0.013307698,0.021554126,1.033421007,-0.026973256,-0.881804141,-0.006466192
-0.030210489,-0.046750069,1.03152145,-0.947795896,0.551268806,-0.626128119
-0.048990633,-0.000357089,1.018749744,0.826859763,-0.121888763,0.608753373
0.026746604,-0.025196992,1.031720805,-0.475587308,0.910741568,-0.552725652
-0.036984788,0.002531688,0.967089898,-0.366446217,-0.371519841,-0.190688716
-0.020053179,0.020685295,1.046536953,-0.538532575,-0.856715864,0.113037036
0.044876279,0.006777915,0.971111652,-0.466604431,0.775363036,-0.369844195
0.030159818,0.003380515,1.035622674,-0.588046284,0.647520617,0.860409059
0.043776718,0.001169936,0.956357561,0.30933565,0.451449288,-0.825659613
0.002296056,-0.033448325,0.975270002,-0.581898686,0.205648838,-0.933376725
-0.012077284,0.043385865,0.987537822,-0.564997786,-0.762228263,0.476203074
0.032817184,-0.015224917,1.02930997,-0.714691453,0.916738161,-0.547442288
-0.045214539,-0.027956973,0.96787602,-0.215376149,0.843476511,-0.314008015
-0.000708001,0.013331399,0.99167174,0.483797648,-0.458765203,0.492219033
-0.001077117,0.038647388,1.020820739,-0.862081033,0.531625522,0.921039089
0.013167576,-0.012620914,0.950578304,0.291607075,-0.664451504,-0.176325374
0.009315713,-0.03503383,1.022409891,0.834205612,0.378729556,0.510402086
0.018695964,-0.045176973,0.970728142,-0.305321438,-0.290386706,0.903029566
0.047033785,-0.028082067,0.955994227,-0.775936405,0.828308785,0.094669653
-0.006855182,0.007803892,1.04124583,0.039337286,0.646848583,-0.742476944
-0.016888069,-0.02598532,0.969913242,-0.425276344,-0.551964915,0.037016703
-0.033946545,0.02561033,1.018684011,0.74388803,0.613770309,-0.341878219
-0.043450597,-0.047764306,1.006365548,-0.610523951,0.166298353,0.782095693
0.00674008,-0.013654174,1.048760207,-0.058852661,-0.801322459,0.683355684
-0.020097341,0.008784444,0.970395092,-0.768077869,0.667632278,-0.175528227
0.04971406,0.049278305,0.998603397,-0.032675317,0.306133435,-0.696691116
0.038944858,-0.018353458,0.955503985,-0.914819682,-0.477930598,0.845156385
-0.045604684,0.020330407,0.968920252,0.786211819,0.274091181,-0.234104511
0.013115939,0.037122399,1.028345686,-0.665150646,0.337993726,-0.842286653
0.003959219,-0.006861908,1.028852781,-0.424752355,0.928935942,0.327434345
-0.012292888,-0.043967432,0.974784936,0.831250313,-0.121044463,-0.553232123
0.015168361,-0.021752826,0.965407163,-0.041289345,-0.553390371,0.970078695
0.046594662,-0.004885487,0.972581689,0.922293829,0.465065751,0.966995119
-0.031703856,-0.012578467,0.974358915,0.124349401,-0.245065629,0.817046644
0.033915352,0.044704947,0.99681117,-0.909092172,0.154250158,0.797215962
0.048234793,0.006093149,0.996948462,-0.554744237,-0.256831822,0.413342946
-0.047548629,-0.007383479,0.967105639,-0.082542586,-0.597305299,0.550429758
0.034606851,0.020176452,0.987856438,0.474877366,-0.642407261,-0.281868573
-0.035380707,-0.026328296,1.01565905,-0.974810366,0.72991225,0.431386247
0.022590793,0.02606409,0.983523146,-0.053642587,-0.186448857,-0.224868562
0.014600988,-0.03996875,1.033628524,0.640633249,0.241994596,0.584829124
-0.025980215,-0.03677488,0.9827231,-0.51187479,-0.144967806,-0.361132076
-0.022054623,-0.024869896,1.04179112,-0.851879426,0.765028826,0.334164117
-0.006483666,-0.013321689,1.007715741,0.936921872,0.020409341,0.854562469
0.04990218,-0.023852033,0.991192066,0.66325773,0.932853832,0.406439678
-0.042809927,-0.039297484,1.014989496,-0.205084725,-0.405110631,-0.370461507
-0.04924319,0.03407088,0.978838421,0.984655646,-0.973550992,-0.314457638
-0.013384017,0.001009587,0.985131493,0.751272018,0.208628733,-0.505243688
-0.017666646,-0.015816445,0.99586644,0.935492581,0.369444543,0.948832159
-0.046082494,-0.025497546,0.978218552,-0.061957074,-0.006441962,0.207389848
-0.021925872,0.032181562,0.985130044,0.52223147,-0.069836359,-0.824908689
-0.020893706,-0.025520693,1.026177645,0.343711052,0.758922555,-0.292003271
0.032731975,0.048954501,1.018718686,-0.772344728,-0.297764956,-0.869126001
-0.047601941,-0.036390249,1.029094534,0.782996237,0.904747819,-0.00878117
-0.010555896,0.026405423,0.991689233,0.212230188,-0.826671446,0.015733241
0.000782666,0.023661558,0.968305169,-0.341282583,-0.236158822,0.984996416
-0.033424652,0.039996662,0.986105189,-0.427958602,0.133327028,-0.268935035
0.04481753,0.035299559,0.993850795,-0.034183259,0.909990553,-0.492585101
0.035413205,0.009741677,1.045857613,0.37126785,-0.355769747,-0.930599959
-0.005092226,0.024426855,0.963461111,0.935389149,-0.1991107,-0.729414867
-0.049362389,-0.000825974,1.028642945,-0.244572283,-0.901068,-0.837566219
-0.000321017,0.016356616,0.99358426,0.764903136,0.666961805,-0.066692184
-0.020046638,-0.040366147,1.027138643,0.430947483,-0.864883936,-0.380705653
0.003325701,0.025225129,1.025797906,-0.987381673,-0.825630318,-0.053509131
-0.042545938,-0.040407386,1.027920974,-0.45638928,0.245187867,-0.675652769
0.008353374,0.004512997,1.009427236,0.250102275,0.503190833,0.725993248
0.006774836,-0.014474604,1.016383582,-0.255048727,0.151459446,0.988141302
-0.01064904,-0.042596813,0.953743983,-0.907302162,-0.68183286,0.558514626
0.0053831,-0.020799707,1.003354681,-0.791951106,-0.134258693,-0.716089425
0.005524741,0.032122586,0.968463858,0.234290947,0.571071221,0.139531648
-0.004187759,-0.03813162,1.026081511,0.994988693,0.95242949,-0.857212721
-0.038788864,-0.034266192,1.019424897,-0.610266716,0.590595435,-0.664188819
-0.011198357,-0.021686704,0.95337099,0.651442964,0.008980129,-0.119125281
0.047209686,-0.025110806,0.988424096,-0.136542519,0.242209704,0.494951948
-0.034252948,0.047873983,0.987219589,-0.414436684,0.419593543,-0.532392146
0.046411237,0.007659499,1.036624135,0.119613896,0.913481767,0.334219276
0.002338609,0.045770064,0.957388289,-0.473108375,0.351988,0.531268938
-0.038332535,0.036235091,1.009735813,0.739595006,0.258026949,-0.76151516
0.028256117,-0.018032823,1.004430737,-0.839235792,-0.603736292,0.226187579
-5.39E-05,0.008524574,1.037375438,0.305584128,0.980720165,0.485533945
0.048532863,-0.022755546,0.973542716,0.255873754,-0.450476153,0.147736158
-0.021274684,0.01676912,1.03171337,0.83836427,-0.413239685,-0.103645411
-0.023590665,0.045416467,1.043925748,0.200383339,-0.373199053,0.064020909
0.037829555,-0.027968229,1.034613785,0.012555335,0.736006116,-0.636346276
-0.00709373,-0.013170877,1.020817556,0.472075051,-0.839478595,-0.036727732
0.03139734,0.009062876,1.036995302,0.223757171,0.034373753,0.369482736
-0.028033491,-0.021986029,0.989881836,0.990793686,-0.890324507,0.741300221
-0.028903527,-0.00240143,1.011152449,-0.378132133,-0.776997568,-0.352625049
0.035959112,0.009658023,0.989496773,-0.829734319,-0.272350538,-0.530630706
-0.036757358,-0.042842274,0.989270897,0.904911925,0.275689321,-0.498007907
0.036744922,-0.008911502,1.005472349,-0.280381299,0.780743468,-0.202552226
-0.032144391,-0.017311757,1.005559757,-0.045813238,-0.686907079,-0.49020043
0.016151072,0.039475275,1.011413095,0.045052107,0.473685034,0.427012732
-0.040310108,0.016011026,0.95428926,0.639493585,-0.150861286,-0.138251512
-0.013705763,-0.006212371,1.030935741,0.136122026,0.434504059,-0.015491463
-0.033675568,0.040805575,0.968688152,-0.515191584,-0.99984859,-0.92607157
-0.042183266,0.045917875,0.95629253,0.895100741,0.383811519,0.255661059
-0.035747211,0.040463958,1.005243795,0.109788523,-0.544133441,0.815927826
-0.039590802,0.039639541,0.979445399,-0.418440354,0.763471087,0.864743511
0.039374688,0.018258573,0.979627216,0.731268984,-0.877362027,-0.897996374
-0.001388416,0.007889933,0.970131551,0.309860941,0.601821169,0.706825747
-0.005042795,-0.025000864,0.964387174,-0.507608124,0.98951989,0.945203186
0.014225011,0.001271762,0.965092587,-0.763166382,0.56888117,0.969813269
-0.000404867,-0.031094692,0.97964343,0.955178718,-0.507036162,0.331802142
0.03018267,-0.036207142,1.027901824,0.713589372,0.689756349,0.76343697
0.023304355,-0.008497678,0.984862807,-0.154494369,0.458310335,-0.512516548
-0.016908667,-0.041980499,0.959369835,0.132194134,0.609611606,-0.859928047
0.047950305,0.004514522,1.037020512,-0.760868079,-0.380588476,0.991326755
0.005992606,0.019842307,0.965335428,0.813432171,-0.600822874,-0.480529793
-0.003234867,0.034381484,1.010443671,0.235277223,-0.309747252,0.237314072
0.048096767,-0.001555315,0.984008003,0.305558339,0.445133028,-0.524540355
-0.039683217,-0.003352805,1.001584879,-0.595930945,-0.107578264,-0.612694538
0.008133897,-0.016661253,1.022196668,-0.910139896,-0.180517307,0.544730672
-0.04468952,-0.014231179,1.019595358,0.233185227,0.290097179,-0.307539396
-0.033402347,-0.015255766,1.007874275,-0.018633707,-0.726646662,-0.5478226
0.011414222,-0.026830954,0.997800063,0.124348101,-0.109198454,0.407139686
-0.029751637,-0.013739314,0.984015251,0.933121152,0.499562557,-0.603913011
0.011735213,0.009773536,1.045503024,-0.125073461,-0.714509986,-0.044646534
-0.023379134,-0.002747336,1.034980399,0.288987586,-0.259698334,-0.696206117
-0.013917918,-0.031226306,0.978791421,0.426597349,0.803772998,-0.065402019
0.00558101,0.018494902,0.979579556,-0.022791357,-0.431294767,0.456494437
0.022982444,-0.004578507,0.970248762,0.728450734,-0.962960976,-0.124991914
0.008408572,0.006422486,0.95314824,0.583283859,0.106989779,-0.488390203
0.02721414,0.027899488,1.002154926,-0.107532431,-0.115336882,0.845130978
0.028502748,-0.020237862,0.999704788,0.711478397,-0.498828756,-0.180069126
0.045698818,0.024584094,0.962536845,-0.774873836,-0.872531413,-0.489490182
-0.003442855,-0.002873907,0.982833375,-0.206618446,0.756086489,0.002679872
-0.035936405,0.036536502,1.01087407,0.647606592,0.851281102,0.714832998
0.031699108,-0.028331161,0.968799837,0.973151437,-0.530342044,0.843908927
0.022298256,0.033415526,0.950443336,-0.236720179,-0.955778526,0.999059581
0.008811444,0.043729493,1.027930037,-0.221591801,-0.51666686,-0.619699625
0.00838291,0.032198628,1.035767837,0.157636968,-0.083067094,0.109781163
0.001910842,-0.046891775,0.977329639,-0.004710205,-0.168402319,-0.106289309
-0.049701502,0.01518985,1.036461158,0.589771122,0.771674615,-0.473658089
0.044553561,-0.013946875,0.975849404,-0.586554157,-0.652144308,-0.610192686
-0.029818406,-0.044894772,1.041227122,-0.217715453,0.730912169,0.421334308
0.031360881,0.032481206,1.045128855,0.838213378,0.600123781,0.856197757
-0.0258364,0.00155192,0.964523295,0.689650462,0.834345336,-0.145763824
-0.037793669,-0.03109927,0.955610065,0.090179201,-0.648902593,-0.603893481
0.014587446,-0.016858862,0.971475357,0.444597365,-0.672402021,0.799276435
0.032515522,-0.048231069,0.970123845,0.07213546,-0.502066058,-0.696849178
-0.022868505,-0.048707474,1.009810823,0.086993839,0.995557559,0.050882527
-0.006253203,-0.015728265,1.049655395,0.948996614,0.575152929,0.416117974
-0.027889544,0.013887119,1.037661953,0.600887184,0.767139367,-0.443098004
0.003843925,-0.038945702,1.044495522,0.636319517,0.80307199,0.204463536
0.004164235,-0.006973954,0.96322289,0.72808622,-0.039979568,-0.72951654
0.034526242,-0.039695168,0.980740532,0.472064846,0.122015866,0.63343172
0.006408345,0.033089281,0.993454757,0.113066977,-0.115542924,-0.662696631
0.031391764,-0.029741771,0.963406967,0.651360082,-0.918862344,0.663573739
-0.023191105,-0.00141416,1.037587844,0.801256069,-0.248394614,-0.846256883
-0.018979698,0.016700925,0.968095358,-0.388567226,0.614835725,-0.826976873
0.038134641,-0.005498569,0.999795843,0.788219454,0.638024711,-0.97791928
0.009782941,0.018188329,1.049603245,0.128318326,0.542193687,-0.837862264
0.040850427,0.046384177,0.951657873,-0.606974006,-0.212095939,0.915695746
-0.030435071,0.028222663,0.951090037,0.191991485,0.369399777,-0.86174191
0.045496087,-0.048417676,1.012385006,0.314905579,-0.188387655,0.976173393
0.02769965,-0.003143496,1.04148257,-0.650924053,-0.518751846,0.601768085
-0.007425817,0.049179178,1.03755951,0.626528141,-0.794590695,0.519218802
-0.027104944,-0.013624371,1.026543463,-0.056847461,0.158874506,0.274837206
0.044375844,0.043409143,1.011283909,-0.766750525,-0.293562326,0.445508794
0.007663612,0.046310226,0.981323488,0.83471854,0.657915241,-0.485428774
0.006654838,0.045836526,0.980357414,0.772862493,-0.180055084,0.230899306
-0.001854544,0.015855782,1.00769638,0.120940155,-0.390066,-0.942367885
0.009223462,0.014652064,1.01877809,-0.586352599,-0.964604178,-0.540482143
0.035696293,0.046015481,0.970984161,-0.150147819,0.944386614,0.768897044
0.022336661,0.011056332,1.012123351,-0.383154339,-0.4545039,0.086285881
0.020464792,-0.039747746,1.045681862,-0.348643718,-0.038564388,0.952035055
0.012308327,-0.002299097,1.007598203,-0.019197025,-0.865229354,-0.490671116
0.008510801,-0.03388725,0.965168206,0.528220636,0.00360655,0.315605413
-0.008236157,0.005049023,0.961329318,-0.355773182,-0.615359478,0.412120622
0.029182655,-0.011005568,1.003879607,-0.073602142,0.784681926,-0.863981904
0.039642619,-0.005002052,0.965001136,0.226367325,0.198448366,-0.253798734
0.03784009,0.043938216,1.010012333,-0.88473588,-0.694069533,0.131084934
-0.002672994,-0.038340776,1.009822463,0.932717103,0.15948994,0.524781598
-0.030934433,-0.003486521,0.989781377,-0.371628462,-0.968622347,0.787194754
-0.025399469,-0.003898732,1.035891033,-0.694782016,0.877386225,-0.777606342
-0.030391052,0.034570068,0.963231683,0.902393908,-0.882432826,0.86197215
0.005103921,0.048641931,1.006406623,0.296983175,0.937625647,-0.275436509
0.043995435,-0.024502257,0.98761559,0.39462508,0.192084306,-0.315136519
0.010584509,0.003073108,0.99519889,0.744306692,-0.254369998,-0.147183614
0.045178048,0.030310705,0.951901555,0.635025215,0.517781132,0.553879061
-0.008516972,-0.038695091,1.043323332,0.904340049,0.033814462,0.141125175
-0.036379067,0.013846255,1.046267605,-0.219786718,0.690724368,-0.86087125
0.022273835,0.020001263,1.036413971,-0.414483178,-0.804898518,-0.844042447
0.026840425,0.004568212,0.989291597,0.131463173,-0.084539459,0.29899449
0.037659316,0.022598877,0.973125905,-0.573984866,-0.376809788,0.523073147
-0.038101054,0.013317574,1.000727896,0.28540868,0.794839561,-0.087253068
-0.038159099,-0.012858311,1.035994418,0.586929864,0.329460781,0.546824528
-0.030891299,-0.003963073,1.003106463,-0.006671338,0.942608027,0.102352342
-0.044732483,-0.033496966,1.029092814,-0.265539858,0.954321788,-0.695729061
-0.025779849,-0.047808612,1.011449105,-0.250314374,0.876890358,-0.394154879
0.016328767,-0.04830365,0.987647979,-0.500068322,0.66961249,0.013363494
0.025523146,-0.002694845,1.006354,-0.3026882,0.987024097,-0.829835533
-0.04764739,-0.00888923,0.972987955,0.235844049,-0.076795778,0.398372788
-0.024334765,0.015499065,1.022905962,-0.838139377,0.903570453,-0.660999225
-0.042515561,-0.028392515,1.021086338,-0.280687336,-0.232648386,-0.623308905
-0.009861143,0.034194629,0.951362485,0.234441323,-0.273693746,0.12755287
-0.008726306,-0.049451844,1.038257968,0.074998698,-0.309532753,-0.675184878
-0.044320299,0.029444491,0.994502046,0.362548431,-0.569590843,-0.328601161
-0.0232711,0.041065534,0.955522874,0.872797616,0.339319301,0.124692641
0.034955567,-0.012563783,1.00882193,-0.298480538,0.309226349,0.75781837
-0.034426911,0.005217866,1.02828447,0.676693837,-0.449057934,0.662631758
-0.027885569,0.030045481,1.042216668,0.298382202,-0.523477069,-0.605021173
0.005289809,0.04051301,1.040233805,0.643789398,0.656998131,0.98830678
0.000490329,0.039258531,0.991155412,0.531229643,-0.054160418,-0.634754274
0.039790416,-0.03553096,1.046380625,0.251343763,0.150212717,0.958176596
0.027989444,-0.03404079,0.982799264,-0.797706514,0.854618141,-0.592927113
0.004503421,0.038060429,0.99999042,-0.686043269,-0.380523343,0.610007417
-0.029173794,-0.034998138,0.968689225,0.799674165,-0.283276361,0.989527862
0.003620296,0.031533957,0.995017319,-0.028113811,-0.31541565,0.545996949
-0.038868036,0.030546304,0.997178197,0.132383313,-0.892195503,-0.415864072
0.016968765,-0.019762657,1.030422,-0.412859962,-0.379513147,-0.410237642
-0.034643503,0.027150283,1.011063301,0.671055755,-0.37216994,0.501892558
-0.027494585,0.028110054,0.964547149,0.121860947,0.884457636,0.447311817
-0.01466944,-0.038095551,0.957533251,0.481163241,0.492896858,-0.136333773
0.031798093,0.020010963,1.031342522,-0.290380999,-0.190927758,-0.932421306
-0.024120019,0.038309395,0.952081861,0.765310366,-0.503142075,0.904100431
0.007417587,0.003024469,0.955413144,0.25305328,0.871924206,0.346594701
0.00078469,0.02757398,1.032163447,0.06481461,0.314223511,0.277137032
-0.042432952,0.002868341,1.01536956,0.357808494,0.196596057,0.959203162
-0.047830714,-0.026470702,0.957402657,0.512542323,-0.881660833,0.252258164
0.039657593,-0.044250636,1.038214304,-0.371595077,0.005313323,-0.257254277
-0.025782018,0.023258726,1.034757811,0.953813976,-0.743474044,0.126118107
-0.007033287,0.024705949,0.973259604,-0.98000926,-0.08403296,-0.686458642
0.015347261,-0.019926543,0.953597034,-0.942762807,-0.813445779,-0.465422903
0.038340878,0.047481103,1.017977973,-0.811402994,-0.853464811,-0.10382928
-0.002678242,0.029878615,1.048713542,-0.370576148,0.726818235,-0.214634164
-0.045068085,-0.018340729,0.997865144,0.949523146,-0.572367205,0.67859067
-0.011768322,-0.044724536,0.995775926,-0.587549385,-0.109721268,0.109416794
-0.010827305,-0.014017338,1.007920061,-0.415432402,0.127157827,0.747287061
-0.017593894,0.037419369,0.966412828,-0.886465239,-0.091034639,0.633407742
-0.009544084,0.004996079,1.008403483,-0.387098641,-0.250155375,-0.0010266
0.023107134,-0.011126297,0.98484195,-0.89470641,-0.208380797,-0.658446588
0.002837549,0.008996357,1.023455723,0.107929988,0.582899976,-0.50280256
0.049017605,0.012581866,1.003969253,0.051398997,-0.55353683,-0.427149009
-0.0259837,-0.017199121,0.979768134,0.343290882,0.188505415,0.158626178
0.014099201,-0.022651255,1.030090826,0.682286126,0.5472087,0.734072971
0.034890452,-0.013306462,0.982466421,0.054184554,-0.926017535,0.218083208
0.024228933,0.037403578,1.006750588,-0.01239883,0.676684859,-0.081732019
0.002522226,-0.020565801,1.001505572,0.332724362,-0.652189343,-0.328494621
0.024900251,-0.041871164,1.040221077,0.053725688,0.60939718,0.507148227
0.026605632,-0.036268526,0.991672248,0.846240046,-0.336302268,0.552788636
-0.015786792,-0.033031536,0.983649625,0.187961432,0.244441734,0.194153104
0.03039139,-0.037372849,1.046271766,-0.001813344,-0.447789681,-0.485377508
-0.033493528,0.025373467,0.970027489,-0.363040619,-0.845446291,0.437500821
0.045937614,-0.007721255,0.974994961,-0.168584888,0.531107893,0.928949316
0.048976405,-0.042827339,1.015594877,-0.178806264,0.153166655,-0.343346066
-0.01374192,0.027832837,0.972320792,-0.259727746,0.489829444,0.005613579
0.028323114,-0.023685671,0.967825622,0.824272009,0.689955668,0.379725483
0.037966652,0.027990934,0.981427727,0.455246054,0.132404826,0.584865965
-0.03479656,0.042949299,1.013301266,0.149547854,0.912997346,-0.481378391
0.040018942,-0.024915547,0.963730812,0.136048961,-0.084654428,0.454948558
-0.03277229,-0.039807618,1.038176766,0.70874824,-0.693656561,-0.163009363
-0.041944185,-0.04689979,1.003617615,-0.455392341,-0.523833403,0.229102754
-0.018145198,0.029927879,1.049310042,-0.894041986,-0.988461297,0.675510722
-0.04601342,-0.005439803,0.953209869,-0.899538985,0.676074528,-0.658092625
-0.040108173,0.047861439,1.042297148,0.875743808,0.009803743,0.971315387
-0.043182007,-0.035794892,1.028400842,0.018288311,-0.663751676,0.097501847
0.021601343,0.000772039,0.97852097,-0.125618388,0.501449667,0.469809821
-0.042253786,-0.009112113,1.043718613,0.85679813,0.986150168,-0.024118257
0.015152213,-0.03766372,1.014612078,-0.887865602,-0.908427954,-0.624466182
0.041731494,-0.030191393,1.040098414,0.43793503,-0.211290214,-0.205209491
-0.004347913,0.044948526,1.03505648,-0.261699495,-0.151608053,-0.031227921
0.013078731,0.013440479,0.974664067,-0.61426889,-0.221594301,-0.369877783
0.048344226,0.034697966,1.011411485,0.958385934,0.701409249,0.6691158
-0.016379976,-0.039931761,1.049049913,0.120943777,0.093525279,-0.8062595
-0.026610457,-0.04624648,0.959946254,0.48101946,0.601613811,0.871796454
0.020185851,-0.023997369,1.003665775,-0.994565087,-0.021617691,0.896161206
0.048688503,0.005051989,1.045297113,-0.592779839,-0.000189128,-0.214101303
-0.016611288,-0.001833934,1.018910947,0.937255785,0.838867543,0.100821501
0.04238017,-0.047039627,1.048190823,0.232739202,-0.092251739,0.996923214
0.003685024,-0.041315629,0.96428869,0.523190322,0.366119036,0.544389784
0.034008073,-0.041665941,0.993446208,-0.149690744,-0.311846741,0.57197568
-0.042414648,0.035326241,1.041212442,0.198924512,0.479213389,0.773348869
0.021306146,0.020285096,0.967673874,0.855786304,0.910914765,0.294150478
0.024365303,-0.001924459,0.980032245,0.950180607,-0.174539768,0.781600069
-0.046457482,-0.011047975,1.048935207,0.686561681,0.171132819,-0.077876005
0.011877,0.028915114,1.009074717,-0.873494455,0.563002653,-0.087106394
-0.041322449,0.006412364,0.988187842,-0.015781013,0.805362706,-0.370404813
0.007479083,-0.00500962,0.992756548,-0.422903347,-0.074028143,-0.855803013
-0.014883681,-0.001577738,0.968926356,-0.230079335,-0.605196803,-0.422722347
-0.007162007,-0.045188472,0.955466732,0.391157465,0.675456149,0.361187
-0.015866174,-0.011303493,1.01440116,0.558500233,-0.567091872,0.411207333
-0.04709889,0.007881357,1.008469337,0.382105891,0.86696919,0.204697763
-0.04535994,-0.029714494,1.001895431,-0.202873794,-0.196853745,0.157667998
0.02907813,-0.015418181,0.950186184,0.209171162,0.113410334,-0.420530345
-0.023090468,-0.002141754,0.954186278,0.378275767,-0.03083658,-0.662422448
-0.018504968,0.027332904,1.039730856,-0.912222639,0.558823206,-0.572317571
0.011348653,-0.019126597,0.980027155,-0.421923855,0.118413796,0.589077988
0.027540779,0.011514644,1.00425898,-0.931283236,-0.787251935,0.740996928
0.02104825,-0.022083073,0.95857968,0.488758768,0.01511016,-0.874470838
0.039131373,-0.01694576,0.978608413,-0.359210251,-0.26651732,0.212260627
0.042608694,-0.02490028,1.037631608,0.450842994,-0.175233851,-0.579771231
0.045038953,0.027931296,1.002371858,-0.820236603,0.468256461,0.858504878
0.014652787,-0.008996049,0.960022788,-0.949537556,0.69895847,0.491485748
-0.044205168,-0.049413951,1.004505338,0.079438657,-0.792093104,-0.076705753
-0.014149235,0.030895253,0.977668032,0.948186539,-0.253732474,-0.755416552
-0.043506046,0.041442275,1.017729227,-0.630839112,-0.679610877,-0.140012067
0.011760848,0.012854348,0.994262476,0.771736997,-0.192832227,-0.385341662
-0.044413973,-0.036493649,1.020143074,0.412025722,0.560337189,0.445965234
0.042972981,-0.036314695,1.029383539,-0.000969655,0.137035244,0.288841474
-0.021956521,-0.004829495,0.995018347,-0.019452975,-0.914517951,-0.682685347
0.035169368,-0.017599618,1.015629959,0.145888196,-0.940412779,0.447718183
0.027435019,0.003374414,0.950854003,0.873348177,0.976846921,0.930915022
-0.01843415,-0.049098686,0.991508377,0.362192208,0.68146543,-0.492661943
0.03926197,0.019012557,0.950171438,-0.165122488,-0.346624833,-0.617944979
-0.007965576,-0.016737334,0.967261793,-0.873435293,0.105939083,0.747093162
0.035685535,0.040723886,0.97252628,-0.282896855,0.558380293,-0.146145512
-0.036151493,0.017218915,1.048066522,0.613944896,-0.221745561,-0.379751668
-0.038981189,-0.013791135,0.975845149,0.374036653,0.781500737,-0.833370019
-0.017618865,0.006172747,1.049304844,0.403853654,0.940377965,0.566160094
-0.003250498,-0.005494934,1.024570201,0.655007448,-0.485773819,-0.996802049
0.04774513,0.036191053,1.03669045,-0.604868708,0.493008052,0.348631537
-0.048281979,0.032866106,1.048494102,0.086657721,0.801393536,-0.207026177
-0.044448544,-0.04361842,1.041313135,-0.311197513,-0.646609215,0.76735493
-0.037938696,0.011069997,0.954733509,0.769635747,0.274933453,-0.963158218
-0.004911014,0.024478722,0.993836013,0.47222519,-0.658342203,0.418758305
-0.048379861,-0.011483039,1.029910723,-0.576230134,0.218493643,-0.800175773
-0.008973109,0.032095978,1.03585671,-0.234074514,-0.916994557,-0.260658765
-0.045630118,0.004598712,0.985096189,-0.947219291,0.061446563,-0.489766889
-0.03946773,-0.018334567,1.017615761,-0.793292479,-0.957614719,-0.215306485
-0.026190415,-0.002964858,0.956941749,0.533739702,-0.877044527,0.293057107
0.015941817,0.006263426,0.956055557,-0.604561771,0.090232261,0.958022699
0.027734476,-0.036313108,0.970294305,-0.312935023,0.562008433,0.711803868
0.005931672,0.041543242,0.978828935,0.564619217,0.491891849,-0.036172877
-0.046007421,0.043952638,1.031481718,0.500517688,0.308942265,-0.542002399
0.024534461,0.029048169,1.009982639,-0.435471723,0.311524643,0.970831144
0.034005697,-0.02492013,1.045605122,0.446676183,-0.257358919,-0.393382983
-0.010219805,0.040931461,1.048728817,-0.115976592,-0.569070927,-0.131192344
0.018901095,-0.019300441,0.998552056,-0.064970296,0.170972055,0.348192573
0.024185491,-0.034512995,0.960772839,0.704968588,-0.480650314,-0.98692887
-0.027385197,0.027438095,1.015315269,0.618344753,0.819918371,-0.203518954
-0.008366156,0.000891395,1.037492769,0.195787495,-0.853396987,-0.734572186
-0.028403568,-0.045710913,1.023397526,-0.560473306,0.93881221,-0.327063195
-0.032449609,-0.032533411,0.954169386,-0.152531203,-0.062935051,0.13353201
-0.00851932,0.000632565,1.031887506,0.390880463,-0.642245275,0.605603795
0.046420915,0.0018759,1.038145087,-0.477864524,0.10221195,-0.616727544
-0.030130419,-0.017578162,1.022146598,0.37444178,-0.305220842,0.204238762
-0.016477241,-0.038587367,0.972039954,-0.222001443,-0.291007432,-0.850514939
-0.033223567,0.02963926,0.970539725,0.088300736,0.18477068,0.53528548
-8.79E-06,-0.035826226,0.950014706,-0.824140616,0.324515024,0.390980125
-0.030260186,0.022786424,1.024698276,-0.853162258,0.777160352,-0.346467837
0.048134474,-0.024461559,0.998376516,-0.73792558,-0.415667476,0.232785429
0.029085404,0.043094804,0.998365388,-0.057605347,-0.007975744,0.116307958
-0.020287632,0.039514005,0.990511829,-0.903982851,-0.243000093,0.003531495
0.041129215,0.046627725,1.021585067,-0.392276779,-0.4723584,-0.688588378
0.010541417,0.031976046,1.026157093,0.530553608,0.962846547,-0.483621903
0.038494742,0.045148717,0.957924476,-0.694168942,-0.133731214,0.25254736
0.043510484,-0.010070138,0.966401282,-0.992532184,0.687168581,0.630099496
-0.044217933,0.034861579,0.961640773,0.555770398,0.029585522,-0.430200975
-0.043174357,0.047199155,0.969017012,0.106971086,0.75918535,0.229282494
0.040889043,-0.016798363,1.049541469,0.212257546,0.094978481,-0.163809495
0.022511491,-0.047207961,0.952569345,-0.221346446,0.916949962,-0.851661031
0.049459369,0.008095262,1.013295452,0.241620337,-0.942921201,0.34526692
-0.008515372,0.018949237,0.987949884,0.094371777,-0.186973111,0.678965734
-0.003058284,-0.028365121,0.99831349,0.451017188,-0.925048153,0.591599736
0.033557703,-0.040707946,0.9925704,-0.292975584,0.229257713,-0.79865891
-0.017514661,0.048112189,0.968710657,0.074783386,-0.894864024,0.189712409
-0.048152148,0.039918,1.026466515,0.542039613,-0.389740766,0.270405333
-0.04030505,-0.021600561,0.9906927,-0.860766526,-0.285588375,0.262155824
-0.027165756,0.031889711,0.9598046,-0.178721458,-0.9597398,-0.357864696
-0.021488867,0.000251431,0.958307651,-0.083670065,0.950989137,0.489158164
-0.03563271,0.012003777,0.997070356,-0.431896511,-0.228103421,-0.916812116
0.021281274,0.019325341,0.960437836,0.721339464,0.667466618,-0.327920188
