ax,ay,az,gx,gy,gz
0.17965916019538597,-0.22882357513887974,0.880602635170982,4.653087790905548,4.649622232768635,-5.768153190568295
-0.4676716069707413,-0.3472778087131301,0.8790202774875431,3.251543364546688,8.93638007967327,-6.506604875860038
-0.0355888555697399,-0.0037674415280908313,0.9450964294902464,-3.7222255287398687,9.958922553082353,2.875142548372585
0.2116524482567954,-0.05101895434185644,0.7419518791303301,5.558921045363029,-8.857751200946812,-2.1868903928268697
-0.3509032712423613,-0.18762723621197652,1.2434547149053408,-4.498752162691475,-0.5878900524213453,-3.5505007702379476
0.18113205497646379,0.46596819808794143,0.5218060127807245,-1.3394657562490568,3.721880906453986,-6.631810002094161
0.3638880409069537,0.2987484259578359,1.3708363130467778,-3.9568307521200214,-2.6281751875343122,6.870337094775692
0.017915661642166736,-0.03416946411928823,1.2094524284890575,3.4327580313721544,-0.34164407231649463,-0.7333712793257661
0.16126893228171502,0.3509906986141349,1.365887586507173,-1.4080864187832791,-6.602207860889133,7.168718554615253
-0.19194435302859614,0.3271975393057216,0.5607467540203175,-8.090259697686728,-4.159066316712794,-5.289523692735858
-0.3006538155202425,-0.2739852974126029,1.122491316553016,-9.26537144727413,3.8782748455203198,-8.070576192385424
0.07464035723378204,-0.4079706366171032,1.1961754925190995,-5.453685483763424,8.520058616436767,-6.904466542942124
0.47913714913409,0.4818920667231178,1.2680841814119759,9.918380549395927,2.4369252018306824,8.610410038639856
0.49638303668990624,-0.05020641626966804,1.1851160478055487,6.123732334489514,8.29862859727502,1.0399741708047472
-0.18318596137356935,-0.37312170404150236,0.9327259419313724,-4.725055493767356,7.638893269772058,-7.601204817442911
-0.49837542750729635,-0.2786810126696081,1.0225288304195566,0.38700140104566216,6.109094722857261,6.362507605456194
-0.029842736808694537,-0.4143367816853074,1.2882589736527361,-0.34616564123157545,-6.627477082471504,7.317513221658768
0.27908550698350965,0.280463596429685,1.096401821430137,2.9221865733647903,2.0949827485639805,2.5662924966093943
-0.03625016469341502,0.4752326498650762,1.1339384146828784,-0.49147810734945097,-4.793219109398885,6.521437310266624
0.11477044575391282,0.20913276975061068,0.7816354579362716,6.02044352466266,4.767575982512746,-0.9590575656288696
0.4774413928658958,0.09375353257631003,0.7014706548738919,1.1694517806084512,-3.0770977959065267,-9.572068120938573
-0.31685792088817255,-0.23375298032990366,0.6935999988506876,-3.1719135998026022,-3.030867271277417,-3.9264708783398428
-0.20182059715844347,0.38203774544498936,1.1934011910229216,-2.044499568473908,7.203900762787967,-3.746715332277515
-0.304927082456352,0.26028151802018373,1.0211005353391167,-8.81081724398018,2.8817000531895687,4.530011519540928
0.4447856073305747,0.29264110038202884,0.8126478557713682,-6.135805998065338,-8.616498942128086,-4.54530440417474
0.4381279708147464,0.16007698700793072,1.0630702125361036,8.666768450341369,-2.941490345394948,-1.9663207836325487
0.391600875539166,0.04482832395748282,1.3346032378624497,-0.3627084138941541,5.718266968885597,3.56339222404789
-0.14087026548904769,-0.305396558557972,0.5995029786373328,-0.17161308874836934,-2.0586460713519443,9.894730654615802
0.3620745141064785,-0.20023610200120656,1.1342533433110535,-2.900155117688219,-4.939755802550742,-6.286088620852728
-0.4504627315685763,0.31198297723958823,0.6184088450172719,3.4472701329885247,-9.17946123515749,-8.502799848028001
0.20280020447329472,0.07776431359205482,0.8641935347405251,-9.062600670967317,5.195355630310093,-3.7378728659614318
0.2446831848950899,0.49618092818081694,1.044052716736664,2.030416910557433,4.044502252168252,2.2967012909404154
-0.23117656157195832,-0.21729647647665695,1.0111404008748042,0.08524224136498937,-5.222106515670609,0.7903154666003882
0.17788804076231968,-0.0022484123911553633,1.2290279168352454,-9.461590308651262,8.65565023588033,6.707879593915532
0.3592432513987046,0.06450952444347857,0.5508907145696265,6.934467045996282,-6.347805725572185,-4.6890432604554055
0.0738992831361045,0.22745071884878254,1.2929694449402196,-7.790781258819798,-2.1565041119621142,-4.863924672934115
0.4808510787829353,0.266824793998509,1.3467175312736097,-1.4879224166452154,-2.3693644570253642,-7.6767307489336645
-0.2768186629680194,0.12725431000784804,1.2444722965121109,4.889613297800315,2.8803323425478347,-5.393055901142922
-0.39639068406183153,0.07936414369516143,1.1335787521603706,-0.9994012436374806,-6.527523898004297,-9.679474228152703
0.27334060394730086,-0.06466870023958493,0.7134918773286718,-8.479044887100834,-3.4692610888616144,3.749627007385662
0.05409792506132849,-0.4192757707754925,1.205283901590253,0.4515845348362788,-4.871837956725102,5.849710392966438
-0.20254656573725405,0.4785883377018336,0.7822090146928665,-6.69115995677746,8.868389357364777,4.457657205016723
0.4109542781698935,0.24429068230115236,0.7610921461476811,-5.214414504354865,3.0597300980045965,-4.102059674223777
-0.29319094370249665,0.3364418346384421,0.6067903759623908,8.53566490991609,5.0104461715809485,1.8847987680349085
0.058108155444814846,-0.44390181595973277,0.902520706234464,2.2295663707044238,-5.622205421676593,4.794189229186864
0.45732034729132676,0.392394824234677,1.4429122438982966,7.366043605188576,-7.4328398646060485,-0.5645994826188705
0.048960984337041547,0.23802737050954803,1.1014758782387577,8.872442612962995,-4.2120644010170105,-4.733023928629059
0.31310167529461064,-0.4958414628456118,0.8244580647561546,9.997035378670311,1.5089216461535244,3.4366388897542084
-0.41816508656085893,0.02035862297417035,0.7104350076352439,4.871462504285338,8.865565259220986,-8.501922141089489
0.13318427877126549,-0.4356773487516953,0.6014798663403182,-8.062999611263193,3.6127469805153822,5.324606449258539
-0.23792513971385143,-0.2377540839461888,1.2247267617564854,-1.2631857445940007,-2.721049615431279,6.162249376460419
-0.4096989646189657,0.209762994466556,1.2322242936915848,-0.1974057346599416,4.061067204392476,1.8645855936498617
0.4309120508391777,-0.4080611955383072,0.5671749816133548,1.4730981362740465,-8.286266235641778,-3.088636850574183
0.35113737988418825,0.25589674890118264,1.3603157473300822,6.298313048231204,-9.222409609029413,5.916280444676252
-0.23634838117142365,-0.019599706514308424,0.9490396761286354,-5.882703381419077,3.44425484000336,2.317638979462304
-0.03051302484756757,-0.030418623113402155,1.3225168511538996,-2.241088597442289,-7.482656120431792,7.229868397861143
0.23272793331563868,-0.4382417731116046,1.4656070647737969,1.9791873734958152,-3.4067779387474006,-8.759353443223112
-0.27102668874351243,-0.3708771515338444,1.3018502108636727,-5.037898260115097,-1.4421388817210268,-8.267460344648152
0.37579433612527624,0.10494661727886467,1.0948081873490647,-8.137694528442271,-1.0954115418741601,4.894316977932075
-0.2983532043999366,-0.2772200017433071,1.0861041060048553,-4.697462766124674,5.320020957303184,7.206791555615617
0.3405020927357678,0.19875632210707572,1.0644752064473293,-3.6792149671751133,-8.05712717841459,-5.7321360888331725
0.18710652483975532,0.1908272877713435,0.9029927575613047,-0.983610480584451,2.050406030156539,-8.99271911657669
0.23488820912000075,-0.017482243048114965,0.862826137828437,-0.297748238256057,-9.676922061451336,-4.021571911312138
-0.31265083707140084,0.3087966995518098,1.4606161243379505,2.365400879406124,5.177710135369489,2.5140845561858978
-0.4136268574999119,-0.25405257715718943,0.9149266478332416,4.022080249044194,6.209759182228776,0.060482856485005954
0.2526607211625028,0.054380740353547674,0.8203311035612642,7.6062453223192605,-2.6143883360601183,-1.0775206544569809
0.2828458362599625,-0.046397020697688585,1.3069292798268413,3.5186562852072445,7.083407457041368,-8.002592831720936
0.0738119207472473,-0.1553415791793068,0.7538812200621203,3.708057718587188,7.643233265869693,5.727117834666791
0.11215279679677537,-0.0044582766617381475,0.7024962963233806,2.1698389406659206,-6.869611452671986,3.9469044687292225
-0.10240950244429503,0.4315081451386621,1.3218493336994992,-5.990906583471611,-7.934584078101339,9.651129035920661
0.38402033331273366,0.38698839980935895,1.309506511352526,-3.672586099117985,1.4221641470312,5.454101123416912
0.07933421747136815,-0.31390602420280334,0.6323592067105903,-3.789296212793505,-3.713668413852842,6.731838691482423
-0.08675255756332045,-0.3708901866460993,1.4658639322661997,-4.082565401617866,2.5947021661832554,3.879344764097139
0.419241365222618,-0.46724592764101125,1.134624691608788,0.07863883183338416,0.6308434622835293,-7.108934546305452
0.1438736887900094,0.16725834939719308,0.8107709468109559,7.977098522022274,4.099740211587209,-8.48275673269378
0.49412334554217363,-0.3497647932896869,0.6795359250129357,0.9248487908514278,-0.3039001943955917,-5.919917114785007
0.3713146226044707,-0.15948409105383676,0.7750271577179866,-7.134916213687923,-3.782964155857263,-3.7712808042817736
0.0276316841964227,-0.41439687480396825,0.5944634658693787,-3.260467692844924,2.2999839137624516,7.962720932643311
-0.37306774516765917,-0.3789930749266881,0.717396899824898,-1.0190152827305745,0.026390277880594226,5.880751524744852
-0.028799134676299354,0.290115924209398,0.5887505183081148,-6.992751226974185,6.47556912714855,7.931169444431312
0.19447237084626834,-0.01797769503527258,1.3253344084224348,0.0011078750570892026,-3.578546860515928,5.954958360376557
-0.11150772669772002,-0.3807620391785018,0.7654387976632578,-4.178169298275165,1.3843473175054513,-2.7242513246191518
-0.0009207939331705717,-0.24519837996019234,0.6570613933995338,6.842312448633873,5.327579721232723,-4.431553663712593
0.2951498958421348,0.14450531114908693,0.5341846053238122,3.735793567824608,7.18487714816067,-2.953109164557304
0.389113843691003,0.36955290064898805,0.6089529468936777,-6.833680664266851,9.626090377733195,3.295382691067939
-0.4022320989068817,0.3242347835234253,0.6024685922072596,-3.926391725413783,2.302542023916761,8.162527115025394
0.478229711665365,0.3694989550537451,1.29875522217923,-3.363303681406924,-4.24234961370062,1.5918024644864008
-0.2078990300861172,-0.02983514020492284,0.7870085647224622,6.673451737122683,4.902572131157836,-9.703245667626774
-0.11443400312865104,0.36567633363136,1.4451025049994697,5.113930233260147,-6.078758575265977,-9.236566250919827
-0.47697735483078263,0.34068550172704903,0.905989614796017,8.361667723099202,9.349132487973367,-2.8063489355947935
-0.4314692855042628,-0.14961094876297432,1.2758467061870367,0.0238632610256424,-6.033490246218656,6.022004376695389
0.25662057418547835,-0.23571770116338753,0.7307223065495941,6.420172444623063,6.2754855786664585,-0.0323620420228643
-0.21195851794015397,0.11413164559659217,1.0462147020067611,8.494556433676806,-3.6382631251157633,-6.371427721990126
0.46739781302862415,0.08426933934695802,0.5869131758681266,1.6900954903695382,-7.854204438568662,9.526939343316783
-0.07469215214572911,-0.33690938215814337,1.4741627675623596,-8.392019889322267,9.734240421413858,6.088584859865296
-0.27688125670891284,0.07865135949160451,1.2313903975377207,-4.067351103557673,5.720883156353715,-6.226993137765319
0.3948742135882283,0.28645603304747647,1.0221718181535682,3.7986375233579484,-9.945317755872944,7.431086241184424
-0.026513843298608952,0.30360257907751886,1.0318823902527343,0.17042425629925972,7.159471404225112,-6.184487282000754
0.10917663106794107,-0.17585782364110836,1.137872949251753,-9.388657421185203,0.6639015281315341,0.03407772628218808
-0.36476133021896273,0.20956720196867362,1.195273526031797,-3.771157153414528,-9.506956923728609,5.608542819293083
0.42473275855481896,0.11749580901691348,0.6456489097937873,1.1413087046437518,8.770083810077846,6.373196298787395
0.21731525043639988,-0.1632711721461435,0.5066213172874094,9.171083397498482,2.127506630789675,-0.8926069685820472
-0.0849824782638835,0.013829311932303745,0.6963987700946105,7.305906861016776,-6.1330726017428905,8.267178635566705
0.18073873194220735,0.26624890940089707,0.9623169967320359,6.880133244785288,1.9902384227857226,0.9038640529787383
-0.049604604517943796,0.2820501202462331,1.4971237922472374,3.934739740712377,-1.8371656100862452,7.427905186644605
0.2655977027146903,0.4925685355087428,0.8325764239668337,6.465504161493389,1.7237936876022104,-9.913006114467517
-0.017184000128252053,0.41953936626843913,0.8679648830187804,-2.883756231740371,1.9702738750053825,8.693781474724808
0.4529004335540552,0.4807309421376228,1.1303591727689288,7.878790552324631,7.74068165190884,7.580694957763001
0.1589661692110813,-0.37251332616537125,1.0055301372171401,-5.850319021347814,6.686632909247255,9.671150830664342
0.22234240753442502,-0.2134104304643396,0.6533588151185805,9.921203201129664,3.050163321434775,-8.269254481273595
0.1528165126537362,0.11385365151490445,0.811677294043909,4.769259304763516,7.8879109280116175,-8.597440731295222
-0.004030687694560053,0.28463546227042813,1.1126781655779359,-5.326413285758678,1.662667910259966,-5.474664912157432
-0.00981773674914832,0.44521273067976874,0.7846759852448869,2.7429687538276646,0.4880906245696153,-8.795276021364053
-0.11401033927586368,-0.21299253458198308,0.6009765500902788,-9.969422796578542,5.295307294286292,-6.902494980780567
-0.4134914978215356,-0.17095586378728667,1.1225965143108347,1.815185437563052,5.099571717422801,9.37683110011056
0.008638721436525332,0.35754837242828164,1.3247479285600967,-4.252284546956588,2.467437723965375,0.5496912582247901
0.2468832114173477,-0.04520957562368089,1.061941071144218,-1.7418055085352417,0.8429241495124611,7.1244596183674
0.12468400206406194,0.08207397656597182,1.1187571021476597,5.963289396318467,-9.369378017565822,-7.828509585647381
-0.47965379621056004,0.30495544231447436,1.030876998731332,-8.865576183355302,-5.942937090343305,4.878168076166087
-0.013904710008931231,0.07322662589962814,0.8434564799004011,-4.722321287218616,-4.676316171880222,-8.05062309198121
0.16709867370789921,0.21018948937991588,0.8359828058442842,9.188829884351986,-2.394750094982312,8.38341849013296
0.3848590717471828,0.020483844959200526,0.7459187579050118,-3.0218204940789173,0.5909913579309922,7.4969129478390215
-0.4035704027154603,0.08245029632367207,0.7554373333855177,4.806545423745678,-7.214107067728155,1.8849852876608768
0.034474723881124825,0.4599652465123538,0.7916517426498488,-1.95676789735362,0.4469213324877437,-7.880119175743627
-0.26979393222307846,0.19422234645977443,1.35307030189463,3.214156892451822,2.600424835623409,-4.738814396414677
-0.1133399512573896,0.19634796520472897,1.310598168117449,7.5140641495091245,-4.251339010289499,7.845840047038934
0.4331178509329533,0.08604463023561304,1.3790473716073026,9.99687994874854,-3.0238555129940377,-4.377522458723688
-0.18197250433982393,-0.08622436969048297,1.0845412419021099,-0.6350183752796354,8.805311402716441,9.750638683598499
0.19213308047549627,-0.1944868430873361,0.9932625437632219,-0.948264110831925,1.5590657908989023,7.891008837708824
0.4486271430994877,0.44324226789653,0.7301287080178747,2.1630909470175634,7.20021004086917,-2.875833450766101
0.030992243311374845,-0.3929213413290621,0.6911331193312449,6.514689234263315,-5.364459595871221,-6.828006825067767
0.24725440031195844,0.20311701836413265,0.5116660959982895,1.271737043352104,0.5218808969572954,1.0369666064437943
-0.09006900327666367,-0.07290358609972791,0.5041402034630087,6.485921631269914,-4.071510087446059,-3.0069868432010143
-0.24699191685267374,0.09730779680267754,1.026939076240897,1.4479944696405145,-1.81249717234933,-4.555217731333321
-0.09456885620929478,0.3130109148987029,1.3368085309591184,2.0649913018200454,-8.027080230490329,7.477537214679817
0.014835253548152405,-0.48261376347861407,1.0233756580616458,9.863606790539112,-9.28029491187862,1.9866584772446174
0.00013975161724077978,0.15137862297224258,0.6419083195316191,-6.362265638730453,-8.992030812864204,8.661797274041227
0.33158712989842787,0.08642782169929242,1.372246731593594,-8.013059969073737,7.661939237848696,-8.68702896886208
0.3078830655584317,0.1365067803221066,0.7561103994480189,-6.673435824295293,-0.21272996569616254,2.094999938305877
-0.09047303847319976,-0.11416187906993769,1.2230984396231677,6.835097240754912,7.439679713283244,5.777239429166293
0.4269228928254102,-0.032646588651372155,0.6347028413030866,3.6163021242932487,-4.202014889604724,5.367042107859227
-0.15621384083101453,0.12197289830745972,1.214966918095969,3.7643507797704707,-1.0953679421452023,-7.7946799983323745
0.32605421384532085,0.39407244089583504,1.042531438036864,1.2783260305024555,8.817785660826758,-3.4830016371306094
0.2424121876023515,-0.04337926731750397,0.5324179716120315,4.294778960452563,8.31459756727292,9.341818259525127
-0.22663847759686073,-0.03541006150823878,1.286300901638124,3.1232724597658255,7.761148008331588,-6.134525264836837
0.4166141992258635,-0.053984768630709445,1.4255242868231384,-9.041101266318288,3.9840927112983753,3.7263327666690316
-0.35110757766791634,-0.468700775411485,0.5267488166222978,4.448735998090212,3.5116505828280182,-5.579274996297201
-0.01858151691293508,0.3993844224597506,1.231175033726041,-9.981344501842905,-0.9205096296315478,-6.607822393208755
-0.37933683220693704,-0.2698431825225063,0.627847154373556,-0.39070494671374867,-4.185206452435313,9.836377236274814
-0.11622007696262715,0.45749054673624223,1.1914659065576028,7.768273657249473,-9.92076271900321,-7.011837608748301
-0.22341602166335506,0.2875264424239937,1.1815000658723454,-0.34276393135977656,6.513873194563889,-6.913806716079069
-0.1409288207424766,0.38210840151514225,1.0390525510265345,6.173392874054112,-1.9932869075387316,7.807745869663318
-0.2756603333731241,0.12898792637162726,0.7738397281384398,0.2454657902743218,3.00968430311916,-5.5796860980652685
0.13754639634427546,-0.11275433103925647,0.8649575214912221,-0.8798469840357388,4.748948899642119,-6.379214257535047
-0.2740977423678309,-0.45738897478949614,1.2208786677870382,-1.4156652832480674,-5.150885581756386,-3.443859837308083
-0.03321228229483264,0.34521495010685344,0.6164532957284745,-3.682192601045811,8.369510867107358,-3.0722433647877363
-0.22087514660204666,0.06978262321520323,1.3611258760975615,-5.5104270391185235,1.033187772425844,7.168005473906703
-0.46752534696065917,-0.32136923009259133,0.6469238067550369,9.502120841287407,8.086830403821807,-8.763889116246379
-0.4386934222412997,0.46430405211077774,0.5751778535008343,-2.4132431729208896,9.530773510168817,5.7731563375902635
0.05986082999822384,-0.20640763169891696,1.387324310829422,-7.601510494351789,0.24975801149348165,5.117554579665935
-0.03250502380455045,0.290439652956479,1.3226728524728921,-6.692652605924154,0.6928049001048571,-3.8600892822526944
-0.2924422753060889,0.21250454657913465,1.1594638031854392,3.350155838666236,7.0001470851918555,-1.513407240644531
-0.20400863429631366,0.4315109842202307,0.8530344923467342,-9.7920053063906,7.378879326493532,-9.810283714970192
-0.38513105782275237,0.4735807591675839,1.2524063627504685,1.407148465069712,6.988900310647484,0.699213572202158
-0.02497992419462136,0.15660597436093981,0.9289734910531715,0.7709233905082176,-0.046034120701738956,1.660240022127958
-0.052782567559998106,-0.4704596922205143,1.287746357711084,-4.126668397770019,-4.71392174270731,0.129340508952275
-0.025612335326200886,-0.3493826141248372,0.8351222884111977,1.5073307302515424,3.1883132144615196,-0.19274547166181577
0.24115502251806975,-0.46253970640721753,1.0876295142524905,-8.188742883041156,0.10580480585114849,8.055737281672378
-0.4374111252557409,0.23471415316101618,1.3425955274418122,9.266146206151998,5.294430261263731,-4.071369638146145
-0.21258894248958238,-0.41571216182988213,0.78032166620025,1.9176357470042387,4.9778935089935406,-8.206414384189365
-0.03705608738093091,0.29333932550996944,1.0619456886778198,-7.253660991529156,2.037502522351577,-9.083005918340668
-0.4410973787383492,-0.30362134004639496,0.7824113231944836,0.4489765251918243,1.5128898948857064,6.937549385709321
0.34190518749974286,-0.007648525803793604,1.3021582105062972,-2.0056675695276756,4.538860496952388,8.031063041689531
0.33595664173796913,-0.31994964859247754,1.4972567625149173,4.937975220992055,-8.253661597283235,-5.113115168229713
0.2764183354199474,0.40853679167696133,0.8512605687311474,5.537450734477179,8.819675111382189,6.707351255729208
-0.35217389109667074,-0.14474944265554401,0.8136914242992892,-5.2826012148504065,3.6211345523600063,-1.254304447329
0.30913349027330816,-0.46395676449280465,0.9016697535590582,2.317135747791463,2.940112014480782,5.522160974439281
0.41279264489854384,0.07432690346560789,0.5503829191233601,6.277136044703298,-6.5715039525267045,-5.256048405262572
0.480760702497134,-0.21623204127285578,0.542375826990498,-6.545786212837452,-7.261527056229433,-1.4466508907906945
-0.4564107828506426,-0.19905197070238667,1.4765635083925464,-2.346823553396586,0.31394614603846804,-4.201594661620178
-0.08213771848831586,-0.14537484559858327,0.7112984017895075,0.7587705961484037,-7.533313824149954,-8.73928542629541
0.24115773953525677,0.21341127817914518,0.6563081301077549,-8.975177014487247,-7.637721418483279,9.775558348789563
0.12832497144527155,-0.49381463193788133,1.0322784621248045,9.4161101554906,-3.5124148078390727,3.8423438495407893
0.27988650687503935,-0.1828025926259721,1.2786791431205025,-4.346108293177904,9.172170134502657,2.575296208777523
0.32154051596149047,-0.26825027154508385,0.9592801122842313,-4.96189292595874,-3.9037827191986807,-1.026341024793254
-0.36174894616160314,0.34156928735638303,0.6331097852108953,8.454348147143925,-6.600031670593324,-8.330724013251725
0.07043984186096042,-0.09292911318048203,1.033264602069239,-1.3187344697654417,1.3108288357497404,0.9936309555802261
-0.08157150364269572,0.4247558212856126,0.6935150724323763,3.8212436775111502,5.718567237966186,-4.3009238172444775
-0.24197586607360455,0.21034780611093917,0.799639425552328,0.46118767563617524,-4.095711549643717,-1.5625963880379068
-0.181739199959277,0.3015608954864162,0.6611086641524352,0.3264310682252063,6.402500761239608,-2.293195512802204
-0.3296832202354083,-0.12683649503200445,0.811608801846658,2.3638550547660238,-9.874311932492454,-0.7042233663125863
0.48440542505015105,0.3758841964436638,1.2645790176358114,0.8224878855791857,3.587196138592896,-2.2093233779440835
-0.16552117135305378,-0.38865642359810293,1.1697044474324054,-7.950197475861223,-1.3242605747182843,3.578762762481258
-0.2680678422521148,0.3841978211839483,0.9034286597522487,-2.4627344533098032,-0.19431394392342582,-5.910593499610107
-0.12202744035052937,0.1524391014088683,0.8454614994862398,-3.6114169898689568,6.284218206216728,3.2699585195575605
0.024687985073357233,-0.17863332694926082,0.5469426052039263,4.34531635607237,-1.0340614349998312,-3.2257498471994577
0.4432022185321671,-0.2842758166600652,0.6727494180317989,6.9166060891033645,8.7479897473103,-1.6907859732104846
0.0852154483326758,0.007972054063547618,0.6169867996943434,0.14397852801907796,-3.4627989420042615,-5.174278869351154
0.10748034026837672,0.0657697766830746,0.5632695871469406,-1.2711908111936907,0.7572182154511946,2.69418082039196
-0.4987446879120031,0.05955946990345318,1.1929483821259463,-1.5332355371132707,0.2456009949877611,-7.444771442723484
-0.2256156661262101,0.33411290031090257,0.845616026872711,9.14037631435226,-2.9570460554146187,-1.5585706686927345
0.1018361447231304,-0.19959969710220127,0.9334257014745493,7.0018871764834,-4.9672865286572225,-8.550026071497125
-0.15856591063629855,-0.16838267535048979,0.9942534209650487,0.8240966186333587,-9.72748720544083,-6.862343256848938
-0.11170910551507918,0.06283884628034642,1.3939162322274472,-5.8110657164242285,-9.767697346736313,1.7941308014736386
0.37326747919154946,0.09555743430651042,0.5046830244623325,7.171129997458575,-0.6687519212068143,8.918086320182155
0.037860483004681034,-0.38367431361818916,1.378990340295765,-9.713749075049304,-6.120718095489639,2.8212000573678093
0.061973185154058585,-0.39791342296857646,0.7445739811061733,-5.675521215598536,-2.601642987515353,9.890195388493964
0.02888700684194545,0.3196742652214687,0.8356688613395462,5.248961610035835,-7.29824296092068,-8.39663796423732
-0.41124923391988666,-0.2669202274169993,1.062667402509359,-0.8280402361613639,-0.19047432501439587,-5.229010253891417
0.22405401297728833,-0.13473977502086365,0.7291303634488373,2.766132596984585,1.6432044082804147,-3.8805621589621264
0.19446714007204924,-0.0676618190931253,0.5788261057999489,8.263635165998856,8.729823189547993,-0.9730896931765809
0.11262585088984522,0.07544251830761062,1.3387735617912147,3.1359034432906423,-9.62076201536805,6.481207044162257
0.27233587397170433,-0.07205722067278919,1.3076758643098425,7.7847872907387945,-4.425884649191005,-9.620728023180545
0.20033006556701427,-0.10291915577842947,0.8946721646453868,-7.378691543427413,3.803062662212895,-0.2178228715163364
0.23927896537597493,0.24595901451446778,1.3064149967806398,-9.593342369397455,7.516051409534626,0.28121126797423557
0.3382068171338318,0.24498277883539243,1.140756136664071,-1.2753166521630952,-4.268117285328119,6.581409627577678
-0.4785849981096222,-0.14898269317049062,1.0455967867707456,-0.5289504873107411,-7.639271866741238,2.7423449900622376
-0.3853703528108019,0.06972245321178638,1.2938730257279953,4.8729158185947945,-2.8820856086269186,-0.49719507670347696
-0.41897100924676567,-0.25919628309541254,1.0186325346971243,-5.565310795657683,7.101901266668172,5.125577719971822
-0.4565488135723006,0.4967990201496618,1.4701448311772103,9.611034530449555,7.558580131337283,-5.620805429423825
0.469177336492658,0.18075200404865044,0.6712407327024545,-4.765848906226684,5.455449883684933,-2.1652406122983887
-0.052083493696645444,-0.02453857414438909,1.351052738304479,2.9685343297998017,4.932616267169063,-1.9252928356925363
0.134278449675861,0.1484462196655556,0.667082723405185,-8.174339350426694,-7.00306058232004,-8.731028812109514
-0.15207345560095298,0.4130454256560767,1.0850623060307198,-0.479762940902674,4.3139271810214055,4.887466200416172
-0.008415584203218862,0.344522411903737,1.0769011887843838,-8.377029363414161,4.09756236671641,-6.2367302753999265
0.04501950211322725,0.018276749926452784,0.6686179169574331,-4.082544042657883,0.39803623640066554,1.581936670021257
0.4573779502251558,0.3457047544691142,1.3571929206201214,-0.7296419865195531,3.7579936675393064,8.771568269535077
-0.42324253273727275,0.17983227198996532,1.4668890836607773,8.87985583944942,6.978908793605836,-6.59917929561586
0.14721020523599804,0.14440813558622,0.7189067753376233,5.790040601100028,6.586447566193947,-8.424757382309087
0.21244097539413587,-0.1845555445817959,1.3228993466365817,5.6949992260055975,4.07527465807653,5.297040905695463
0.2424022973845119,-0.47390755633593395,1.0214002793798547,9.467144773639586,-8.817902853201495,-5.231443782470144
0.42078579671151606,-0.08423365255830162,0.6100820741962542,-3.6119398023268285,7.544358895259485,-1.13774551993723
-0.4719845357110568,0.45115934084334874,0.6531705452831333,7.567293043145106,-8.058510338190327,8.42893041302396
-0.08128242247056472,0.08737934224619437,0.8402365956866582,-1.6931706704278877,7.740922110420602,-0.8199267090909252
0.4518039366711881,-0.2567357435578369,0.7514520798899638,-0.11174573459108217,8.355683117655904,5.5536090513415886
0.21990344066750678,0.19034813728972533,1.2307184306816716,6.0154645696817575,2.5582150486327304,5.067257234092928
0.24166956311121057,-0.35315701121729226,0.5543764536809479,-7.8659355141992755,2.1899390384213735,-5.800953104676825
0.4460268356289854,0.47490930995605896,1.3075349373643965,-7.462946160055544,-7.216610570677304,-3.161291958022849
0.297909114852686,-0.49831043467605185,1.1527483299120656,3.985523196522875,0.1950271096659666,-0.1854198789146988
-0.03461777793933418,0.2975866119453723,0.5620286161019203,8.955929520608379,8.652970596874361,-6.902727947944964
-0.4860078214049952,-0.3064514463765343,1.2607418380218203,8.843325768986453,-6.119845831703261,-8.156163960520804
-0.020493285206640177,0.12673120046551523,1.0307186321377544,8.212583978709208,-8.131992406267141,6.027056522218913
-0.24592204061008072,0.31743755879204993,0.6136807803760088,-9.414910593185503,-5.917093156888784,-2.2080268092123685
-0.4073920476374454,0.07500899194730992,1.4763329732874722,5.167534600758527,1.1968254897653487,9.607376646743123
0.241666977988507,-0.0164441149456398,1.0488559970584992,-6.895679410625233,-6.426030832721579,6.637377486515049
-0.2504446040346068,0.01699731410291805,1.0448280996282713,-5.907099146432328,-2.8976317454155627,-5.728713774435348
-0.39789871538585153,-0.05500666730049697,0.5963564792160686,6.864972385194314,0.2550247566475541,2.993759769872552
-0.13094038976485012,0.0036177976567773884,1.1530273143828418,4.655596178427871,-0.9409648502362185,4.616634870055016
0.4334558398087265,-0.2330970452303165,0.6734198181637004,4.637510360826564,-3.095506731190733,-4.297800977210649
0.15371116933462492,0.2852059205901346,1.02838084901567,9.556164792482601,5.252848733771781,-6.5826409223568945
-0.10979325467405576,-0.4716191587090386,0.7995175445024576,-8.058651350866146,4.77825003506646,0.13272739409664602
0.42104889907597876,-0.1761115446140552,1.3888102799034172,-2.1667742403128347,1.6800417196622632,1.8428434112238712
-0.35533802822978877,0.47185272253483834,0.6616614234575295,4.182128663686813,-2.3030704424825554,4.257513745936027
-0.32775143934367734,0.4454778703742037,1.4837033984379584,-4.325107066119096,-6.8183945542214675,-7.965830136419026
0.1720094289513996,0.2085570854474209,0.6361202280724285,-1.4903729599206823,3.1517189631258766,-9.476271446159604
0.10600747566651791,0.49319804788740296,0.8080104864925396,-1.2310609348850505,8.25723854634419,-0.8710649739994594
0.2025874291603803,-0.4453436194123379,1.4691720772636025,9.952789911857884,-4.60288629901604,3.3610730659275934
0.294083507527404,0.284764641150852,0.9373743275351645,-3.7529038192070407,8.791508679983178,7.8461964507930375
-0.2514846779325487,0.41615961143003444,1.3447879823027842,-5.490238260364322,-3.1686752827152116,0.5930460436857672
-0.48376060903001394,-0.10933572666172875,0.9734549473975115,-7.963741236411932,-1.5651004393144063,3.492589602316512
-0.2816522605841697,-0.2522466457401533,0.8497962106771977,3.240317009062599,8.872874233042452,1.7235815489778297
0.3955791261854432,-0.19638707401134803,1.2101303383180375,5.931429093556757,5.3998418290815025,5.003268602862942
-0.3717395485159869,-0.19139882727799706,0.9497399937857753,-5.751236592109786,5.718446263940354,-9.087913603387241
0.2014377546288293,0.3128247837362661,0.8669817275657828,2.8902104451854456,-1.1561009348000422,5.835704891493963
-0.44960338944345324,0.22817142386485834,1.0830701174522992,-8.61748512658162,3.2503030275780116,0.34929768185456567
0.18777444525890818,0.14089457665440175,1.3489080049742295,8.673942442118658,-6.130770031211918,1.321549716372946
-0.16101573580249107,0.04163882561088239,1.0833909247276656,-2.7784064113700557,-7.4210530796403,4.223805857238789
-0.4931089978833051,0.2554275257197093,0.7907426567629101,-2.854466907905577,-5.60105061211206,3.9691917082307544
0.16017305456127817,0.4876100656544651,0.8788002850913523,-3.6953909632735833,-0.16911037407341745,6.020822201601394
0.48016505947401567,-0.47018425780255224,0.5239051447016048,-6.755635301239455,-6.937156225118246,2.1107546472681467
-0.4464278155344382,-0.017048524774782692,0.5561867352703759,-7.579863564449778,4.242542922550898,-3.7282442490200207
-0.036705959270436184,-0.3495594718148186,0.6454611271107306,9.468812666802048,-5.711652337235846,5.333394699014287
-0.19161148013994855,-0.37758452916350405,0.7218097213590589,6.252348663331119,-0.5285484157038915,2.661782603217702
-0.1924441812613824,0.11187025779179749,0.7027957725251641,2.127864162285629,-1.7857295613082016,-1.3519315208795746
-0.14451963633884302,0.08331495822582968,0.6802310324737939,-9.044907399773441,-2.3048624317694832,-6.953500870714217
0.061671978773554126,0.05366712614721414,0.9044582905802168,6.606174567341224,9.846847628985746,-5.638896401272165
0.06838624190144416,-0.06368336687427101,0.8600599030703048,-6.814239994074624,0.7656325885315791,-3.149161982261976
-0.482123635367519,-0.31528125394982254,0.733088729248167,8.705544927753628,9.045358652450155,-6.120461106164184
0.04772425501178901,0.0006905171580673386,0.7618319099862952,-5.529627930081884,-5.842973869411045,8.472366424665854
0.4334523644889593,-0.149643991492858,0.8333113797673378,-9.377961942424937,-2.7816765945099275,-6.13058224677687
0.24025708013890068,-0.44825691977772497,1.0557103640033714,3.7061232889958937,5.141688322588429,-5.047487768559014
-0.27501989959189,-0.11899974898955357,1.0331421974233113,7.840987633077031,-5.018899854475989,7.225696199856731
0.4125097837160595,0.32624918959040605,1.4413159812567642,-7.05638966953617,-5.369013646189941,-8.56515324284305
0.013576611231655544,-0.08410947782104572,1.3117454709521363,-7.7356141021885865,4.27703520342277,4.991892623671728
-0.18360795527226392,-0.016497926600722246,1.2991132908532719,4.023980320262799,4.451720453681878,9.940651167935158
-0.178639273237706,-0.4065568015936799,0.6954962266458801,-2.267544881878103,-0.8400193559581091,6.538660811361051
-0.11354102061615134,0.32800667560596053,0.825636998784659,3.8075598289905876,-7.463025646576458,-3.5614443662500417
-0.3466392333182413,-0.05723696316675386,0.9694532702268874,3.167959520152264,1.5935884509580944,7.133577603893297
0.36016013354151455,-0.0462593405241325,0.6224160666121583,-6.8484382999979125,6.435976060022586,-1.9834979398773278
0.18305636270288173,0.30895835158343143,0.7115987395989067,-2.813736854163542,-3.9468682101836876,1.0932781527713598
-0.3417252883919636,-0.12908606518020405,1.1319582178959289,9.168105346183598,0.9450144573378161,2.9805306551008037
-0.08510072803506885,-0.25540512343836097,0.8279181755861887,1.916159394497578,-1.1652901130524462,-3.338355364843153
0.15523866680323772,-0.2824218463667899,1.1664186068982265,2.6224436581510133,-1.413719617803471,-0.024178803372873148
0.17948207989343334,-0.23218750396438337,1.2254752344488749,-2.798022874576067,2.17588983832786,-0.49070719310026867
-0.18562739674292916,-0.26273940404400564,1.0363922937623422,1.0402233605508915,3.7747257670895067,0.8700108963954367
0.4605611659558071,0.41346604925771646,1.171829974217874,-1.3939584458082415,-9.292213433590264,-8.025364390527196
0.2609695164053224,-0.41153468612903177,1.3284236304078925,7.340477769185448,4.8000184902868615,7.031341532685008
-0.48263677383336046,0.42789441473562917,1.1860909845800767,5.427180098519296,9.41891073936258,-9.443504004721945
0.3120663234242904,0.31494171614588706,0.6091861965122511,-4.891762648352389,-7.503011051131283,0.2501799178082287
-0.21974244263472587,-0.003057925821499552,0.5974731268885514,2.61525844333603,1.5601792166867199,-3.8436457186590367
0.04673587161512671,0.2809351480012071,1.361378009228266,-1.2999163192979442,-9.301329267577863,-0.9964074447715614
-0.4660389424822323,0.26749382845219605,0.5313830516403163,8.923358058685228,8.316245908789114,-8.39343452794427
0.2502837148624313,0.14186644410452354,1.228809972209815,-4.215728052237113,-6.78365662367349,2.8313025510345913
-0.03552546036115545,0.4865107302866547,0.7372513614055141,6.267948003852936,-1.0318158185647448,1.4094910011828112
-0.46763088228359906,0.4918001291175226,1.4629230813420517,-4.416308436635006,8.888053509550478,-2.418841123556083
-0.43570609499224155,0.4921923820771418,0.9153255178675251,-9.135746928707293,-2.3113316600030824,8.683240645864764
0.4634511082217839,-0.15425692870611263,1.4991433744459097,-1.0937887237596193,-7.057150522843099,2.761950782491425
0.05764315700011802,0.003370695756580444,0.7301714019736666,-4.386731934635389,6.165943909128572,2.0380352563662285
0.28473542579364586,0.0679900834501369,0.7383361803964186,-1.3581931097981954,1.856821607147129,9.21259112016498
-0.05765223747364967,0.2834441284360383,0.8698048779232047,-1.1176744697413845,7.499862666767733,5.669181714424003
-0.2738806569659049,0.39268989422244194,1.356915410214961,8.25408118844943,9.324181263919588,-1.8801126815985736
0.2151320867004164,0.3734806717479452,0.6895485046685407,3.233208326980428,-6.050051731253685,-4.770132549616912
0.22062890103123245,0.22636704195270896,1.3675004015749304,3.2139204030513504,-4.479071664007543,5.0210179536455595
-0.14256892109533503,-0.44421119651776164,1.3051657512077661,6.552393969719791,-5.082054685301268,2.6484395723607985
0.2755393985189678,-0.40124480487195247,0.6522993533465319,9.114768770973573,4.2471806890045105,6.205579496136927
-0.04791498355040469,-0.43049988146732177,0.866920501083157,0.48932980120829583,-4.758784645239631,7.990124025223658
-0.03164764014248256,0.4624650042307856,1.3106944780623289,-9.98728157776587,-8.991850362892638,-2.09436112093144
-0.425210702884117,0.3876470825932221,0.9396035993663673,-7.687727797889288,2.274945940082201,6.44955485744682
-0.4138888438382815,-0.489148108605162,1.1863055470321722,4.655850759115527,-5.411796694008539,7.778835673500112
-0.02309187050609829,0.4402859638825044,0.7615462933224786,-6.240297731766271,-3.3845742093470825,5.830140833261863
0.34774192575502283,0.15784196696404607,1.2113469168207391,-2.5800186008696224,-3.2097811926066093,-4.006067413248173
0.05189246120064539,0.06345486031551784,1.3698298048976603,5.870105516565722,7.455312033561668,-8.350098975356687
0.13162264020023506,-0.3381333950504206,1.3883272303608878,2.239055358109397,6.104920930647413,4.743493503405507
0.2760870572627091,0.1609839820510719,1.1906480553855279,-4.534128184715196,-5.1901522823815105,2.0180385075535145
-0.32003131023949505,-0.27594893605361204,0.7717715113751806,-6.97536357257722,-9.798901236197544,8.184980642127737
0.3383694320345073,-0.024777425438062717,1.1294517536342905,-6.585543263810285,4.006772240389081,4.298328689708121
-0.35455619527502735,0.3029618923647994,1.2438844940591163,3.692618253778212,-7.1630855988281805,1.0154128503504705
-0.21481864638670323,0.06138922254054191,0.8118894346145964,7.341578037858131,-1.2989997119492696,0.8383281272317369
-0.032178959947564256,0.3746587062122113,1.4431975219181918,-8.380582024552963,-2.1730824536046667,4.9365494304550275
0.21254486579202914,0.39428440423490374,0.5439057290182675,-0.8200672969556226,-1.8010801634765077,5.550191428204382
-0.09557524665660821,-0.175738136543651,0.8835906544554972,-3.5241289936149816,4.180804353521324,-4.4475807166431895
0.3332614815859727,-0.18630494282944787,1.0700549085809277,1.3355103532818475,-4.945186632775062,5.184471547782895
0.45184466313629845,-0.15362683192772209,0.5802125922659438,-8.064179729348872,2.609266872290961,-8.911738815716664
0.10503435541285089,0.36859640094395696,1.4108842427553239,-1.4453146082864148,-2.8112601412648104,1.622902684898765
0.012411481375861566,0.1968683225464266,0.9064759483477919,-7.53792118759403,-0.24804668171482902,4.802018453675679
0.43155223628871986,0.14601495614693272,1.082329980105441,6.84286721052197,-0.531555541267803,1.4056323643278326
0.00712386640926943,-0.23605299325903528,1.1933086136542475,0.9510217194252668,9.698788066432801,-5.454951921524687
-0.4457110039906147,-0.2358223999370591,0.6276590358151021,8.8356707245145,8.52628508050898,-8.910488226471163
0.39339170097525555,0.4330591746117689,0.9311955542768826,5.694785664405185,-8.380877341446986,-5.308887860792016
-0.14764767412569557,0.04318518371832303,1.0577954367535756,-0.6278726844239539,9.155047042223522,-8.005751598298138
0.1206043177948325,-0.20759094745431295,0.5617828873192057,3.2766034128246506,9.077690357736763,0.0008327277196471528
0.09402281176766669,0.11984780298714293,1.3015934630120112,5.331240263066533,4.198667348201909,-6.985136729417551
-0.32202002787097894,0.48215462820355104,1.0606030556315882,-3.5689241288730633,1.8426727716730475,3.4198274080584383
0.11922866521984865,-0.187913256820067,1.4563047127400515,-9.434360620958508,-3.17751403504581,1.1968900668800924
-0.27562335053064835,-0.40084302656791315,1.052200162769884,-4.336756463467597,7.385485192519152,-8.160599347607096
-0.31346422209003755,0.4550402054187592,0.8624117064176681,-3.5317267980096734,-9.152078042103975,1.413133547537024
0.3263856792899943,-0.48398387172724466,0.6414194486136232,1.505034678542895,-1.4543035291660935,9.532441864076308
0.026456982574217802,0.3895320906337958,1.2435517438513144,-4.903140157844819,8.27471024718475,5.632679951869131
-0.07246024232153492,-0.14877895812036301,0.6344861740641541,-4.542174584997172,-4.273843412574561,-7.824440891860325
0.13543123613184793,0.11568234083483775,1.4081974160983681,-8.594256285645901,-3.3206628255606763,3.848232230712272
0.26535144173787817,-0.47682307541609625,0.570014139041856,-5.196753777295462,1.16145389694735,-9.25622968882313
0.11755608412508667,-0.35041754896368293,0.7183851432651428,-0.5317445818644462,-1.4265349811100485,-6.946702253270676
-0.474966103321222,-0.13173171329250777,1.0595849357995069,-7.764554020904811,-5.000094725035186,5.7176311949682646
0.1962939031794766,0.40372106096406657,1.1920179899115024,-8.764378732114466,-9.624628441098807,8.617101340627784
-0.31496510064219696,-0.3869534924200351,1.3866393911808008,3.5785138168338655,-4.305404548469758,7.8639883100166585
-0.24920451469828953,0.47351298490840077,0.8670637288506029,3.802752378349261,-4.0764869510636075,1.14989521296447
-0.18154722894350628,0.31644070010296765,1.4136475207174515,6.044121549131567,-7.048203344318402,9.351288678792912
0.019309507863842668,-0.4931088099079577,0.9118140668468944,-5.92723736934736,4.361256653494699,-7.6248716441380004
-0.4082764402788309,-0.0960433345526891,0.8195782552481039,-8.037073179888578,3.3201643956921707,-7.794830702030103
0.013672697104123333,0.07116383134927495,0.9641143247465291,-3.3099966245431105,0.9301488481438991,-0.06597325730905013
-0.06730783307227028,-0.056142118829370036,1.4948273431148222,-9.673681204372729,-5.4298071453096775,-9.606471851398403
0.2872585293420685,0.04832502240203873,1.1837386146901814,0.030669434411001006,-7.2533739247360085,6.239158779142578
-0.16419110299656414,0.12295597546551629,1.0022050885688736,9.352065243243278,9.447877784343955,-2.1375671127071527
0.10613494912455124,-0.44349818846588496,1.0031114094138833,8.658894496818373,3.27908766246523,-2.7200268226466147
0.4046075394447497,-0.06481644909344231,1.1844606720536555,6.324056620006594,2.291599393303814,6.249830170927172
0.08499271401377417,0.14429114068321125,0.7975747402976014,-9.154896159235715,7.211187351858477,8.48964031304741
-0.4771546494925726,-0.4300419134948219,1.0147375144602133,8.14348749967079,1.7781599932678347,1.3326921780802632
-0.4269972797616277,0.2128483811074685,0.9373619771138871,4.965375927088434,5.458260915839201,4.950709153527784
0.39970312566941546,-0.46179442733528686,0.8709115285381938,-6.81860956300234,3.7737257666460735,-7.486884848287914
-0.2904771481867091,0.12947053906829975,0.9940786757546668,9.396412429131033,-1.8950675613812642,-7.27264008285331
-0.2597871910538877,-0.1629648385300394,0.7743012504707563,1.5342062157354803,-5.916688690830623,2.679949245995683
-0.15525125932834316,-0.2659265549935884,0.9946978859175712,-3.9561809637107315,8.485547876474534,9.363831173821058
0.33096758021079353,0.2112011075766388,0.5605940286707877,4.195028883176219,4.911260300995238,-0.7184165492450987
-0.19651468244373793,-0.23581892361155832,0.7556988446146611,-5.567704654082634,9.98038600385566,8.624543915051238
0.2069638014963553,0.4765044978472953,0.5475307542672885,-7.590749532084411,-2.872600700295827,5.0972976107010695
-0.3485995067418991,-0.3872538454564076,1.1565014410460703,0.34894212821231285,-3.7265493053814343,9.801180839386724
0.3694879271952165,0.0107582235375141,0.6812092759949763,-9.982133535338367,-0.7482514719351148,-0.40525657312887375
0.3885376361075459,-0.053397906343233714,0.9985629204066757,-5.893270574518519,8.236070293000754,-2.685188749005487
0.49802784653521903,-0.06684674001444668,1.114285174822017,-0.8117139227604238,6.557239165137762,9.261310466567942
-0.2560996748170872,-0.1221752228528149,1.350777824808202,4.642634872496815,2.337705231862934,-1.6336385425976925
-0.15204616185641318,-0.11511510514729184,0.9171079330314136,-7.108057215744701,1.0774392487511992,1.887703916824801
-0.09653926727783746,-0.31899771959484824,0.900983978720642,0.9887787980132785,-6.025409604168814,-3.1722691975892143
0.1499572215405368,-0.43832539132513515,1.4119262007567654,-0.8086660005241235,-7.900148853652144,-1.9289311908211086
-0.31511098011480454,0.47393355276070137,1.1802302784465217,1.4175676292374622,-4.204235332889317,-0.030024116152427283
-0.2511400115783782,-0.36084653949981127,0.7247987624272346,-9.432628478523677,-4.182658613564949,1.574099371081985
-0.057106798746520915,-0.23040020050271992,1.4593731967213217,-9.65419775620621,5.792920373664339,-2.2198914097215505
0.15661146888417865,-0.31368232083686465,0.9857953430679158,-9.150623128322097,8.641238953241519,1.591648141272593
-0.40889281711108283,-0.4915724332430116,0.7846412908037536,9.693121817669635,7.804528076732463,2.1601909941007307
-0.24770235822092146,-0.44706467896007407,0.6799219137700838,-2.3944931027336835,-8.644764208425421,-8.435911639835485
0.045892140623792654,0.07875053573620994,1.4293273257553811,-7.1852734753755065,-2.77517319594903,-8.813896818850731
0.03283691281104162,-0.44597170527625474,1.378751555413944,0.46094418398194037,-1.1299753888741861,3.714258657341489
-0.42548766901736224,0.14598927227150393,0.9108425238133243,6.636567201851992,-2.258582069216799,3.549693406457749
-0.2243027017216851,0.1472408874178841,0.5436021027704823,-0.5160175078450902,5.503720970156856,-4.214726530746504
0.24430139122071848,0.053566084504701794,1.4130937851789103,4.269778002811972,-1.2132831011539214,-0.24791846793020866
-0.36642085311533645,0.3736998626294852,1.2398099869092245,4.158837375101703,-7.638838709704405,-0.4898417332983378
-0.4137886170326367,0.1929096142861355,1.4948675611999134,5.74955199622382,3.088125398632835,-4.7731938755899295
0.4717488776624066,-0.2771829493680753,0.6174927988259447,-7.8621647439241205,-7.875266609503255,8.248103367513629
0.4442807207360857,0.34139965447838305,0.6460131072386157,-6.453607183830452,-2.788034121146479,-2.9295995232174343
0.11769837040837905,0.004514050792191693,0.5218859111152557,-2.4687399120204434,0.8528102900326893,-7.427262021473105
-0.2331045560832794,0.46672052616270066,0.7404380955592791,-2.0048823753780027,2.7414668132699855,5.235840921113294
0.25784845046789207,0.24652606931217047,0.8185194632628203,0.13350585627786415,-2.2045350140456836,3.870342390688519
0.39351659280531237,0.07569774949662933,1.3352249552229516,-8.928531746926913,5.931755996053919,9.64663947738893
0.030215337598611836,0.1666787681659435,0.6194261196365789,-5.775827997217529,-2.99810709779001,8.491821369006882
0.30520148205938014,0.0692346865709933,1.1438856131542887,9.444137254856198,2.3641771077133455,9.979967581402235
-0.22196985426012328,0.093079084583223,1.273961300509261,2.9057275763844466,-1.910663224469447,-0.9096610684362538
0.3422886266059717,0.026454664656183402,0.9080258509151604,-5.772760490302662,9.167074990581145,-0.05669760658906675
-0.019045707008538915,-0.028163119307475948,1.0970064364201555,8.440309781214076,-9.072971844630203,-0.9511270937585188
-0.27209134492912423,0.3017697646203581,0.8937472531495463,1.789061652728094,6.094745488044996,-2.702400385026942
-0.4910265959167526,0.07340856672750429,0.7059203408021876,-1.0673775803170553,1.2963843752188424,-2.087639033058755
0.024799779670280797,-0.10232560685760239,1.0301536174434178,-9.873994449614706,-9.15559766845065,8.588719520970812
-0.1742558763282126,0.4581275407406217,1.0599616972177697,4.5637648648562,6.225254134777202,7.9549566153675535
-0.21362424549068604,0.3567138684706239,0.9130122912186027,6.491399826317,4.321185479565292,-0.16284798143238532
0.41704531076729223,-0.4183877762507001,1.0863323389863218,-5.1041885522590285,9.864819560706493,7.93853006515889
0.049249295162605455,-0.09071454842807869,0.7142399728077182,7.021540051855098,-6.793598532866425,-6.1307624677278705
-0.13452175244635045,-0.24222807419946413,1.2956499200888363,8.20196233560333,2.650729317846645,2.879923557817614
0.4866681205139791,-0.06262520950531014,0.715254055560389,-0.31011020187025906,7.947239739044495,5.971137601955077
0.021890158667471682,-0.2541732448301913,0.7587961659218295,7.373992464914593,-3.448919706633598,8.657502331032997
-0.3443966957334361,-0.24824457799868493,0.9852526988631877,4.796656251774687,7.909868655260542,2.097657050577407
-0.35642546264295905,-0.0595312269866598,1.1166628402460286,-7.875796800174147,-2.755468487345299,-4.604295941768846
0.4984826339071775,0.05534168343586621,0.8103418984508228,4.369388838530801,-0.5365758014619111,-5.619849386816367
-0.49391193878184636,-0.4796245620305344,1.3368215782361377,2.104751065867319,-3.855000739607666,-9.411675872100272
-0.020038509797137616,-0.005924863199973096,1.4507881973000158,-8.357425503341045,-3.093360358668451,-8.984383383609298
-0.4355197602037788,0.2275010567898581,1.2032300778078817,7.741937834269699,5.278641066366125,-6.114475326275364
0.4177265257708721,-0.16902843723412986,1.3789672133162159,2.240846380256727,3.5680237544684985,-8.098934173810793
-0.3569928970398937,0.24302778923094326,1.2105630957027906,1.8328788074759572,-3.3320368922349664,7.026872891324825
0.3375488006755032,-0.289599976098728,0.8578396334156749,-5.08323478522819,5.91627825249607,9.346475571699308
0.3623861744745217,-0.25420270363485,1.4908623062313806,-7.158872280264637,0.5306646654181648,7.1960421177899505
0.16983055522673163,-0.2387004381162936,1.283852647815946,9.04354730540473,-3.757662285138485,1.35982072750814
0.2683741581267939,0.2325526554561892,1.0808769864142946,5.966863733012996,7.402100320226687,0.8529473992054228
0.268555244898387,0.12538539428943407,1.2980910618860977,-2.5101763865907696,-4.249082771337083,8.38464535551418
-0.044842683839434794,0.35889982648351715,1.2261353184181054,-1.359412367932169,-3.557651061415168,-8.101175500842931
-0.27778509831718423,-0.3175424782667954,0.8502710437600951,-6.524120919815621,0.7203893418249621,-4.871021001773479
0.25302732856891563,-0.2066844438580303,0.595978518877432,9.035389218737933,0.23993071894943263,6.737030919087978
0.43272570655775844,0.2840969519674509,1.0313381426138184,7.517613093235983,1.688678823253957,-6.6301438264229295
-0.29146049929010787,-0.13777244859179727,1.2056781570409991,0.45428750641438853,-6.7423432302321125,1.8439068981448372
0.47799243191246343,-0.07043035346424886,0.593235591403634,-8.34774606066704,1.7001838241642702,1.2478036117855407
-0.3451700050443156,-0.030150147661070603,1.2566282928030086,1.5245903241817516,-2.667243694672001,2.4029905604290356
0.07334370101374921,0.22220899250420167,0.5589517731999781,3.4645141677093676,-3.1571762364878104,2.249606985114955
-0.2020962103118542,0.1484795958042473,1.1793440484936375,-6.716875091345013,-3.9324389249787295,-9.25386886915665
0.14533440979958545,-0.33838499416964507,1.200787987551789,-1.5149047425331634,2.071385797408192,-8.626177526559374
0.39660700619059475,-0.4630729005776234,0.9209482762576549,3.784883391058944,-8.249767219495743,-4.135040887161249
0.10945597006472274,-0.08811122281077344,1.216478824251337,8.30971170313045,-7.222090608228012,9.618229176923855
-0.4079000036899494,0.09204186770405243,1.0342973198327428,5.8724293324604755,-2.1528348688643835,9.116405989605976
-0.11959640361474222,-0.20855086321383187,1.3749908179566122,-3.506837152817546,-5.571276361192878,6.5498483152425315
-0.2613670321476913,0.04060307921774653,1.1446603223826153,-8.92784879633348,8.781068013757476,0.01573653765430727
0.07334643032868116,-0.3011166279957084,0.7117880123108208,2.783940779702787,8.624023347217232,-8.207206081175498
-0.01145791161612486,0.08922620233608769,1.117780804219116,-3.5058270230514506,-6.5025496922203985,0.6639680145565023
-0.1194444137045062,0.3481265546357293,0.622705624579597,-6.173186986205151,-5.874078693306477,1.828589213467831
0.3978437836283589,0.33594800427379257,1.435257836204832,2.699783679324428,1.4679707352056948,9.086622051364394
-0.10474901830092087,0.46758624286887795,1.4756997382031616,-4.547038246322499,-4.989193233240492,-9.72345647195915
0.041888260965790014,0.14702527940626486,1.029849211211042,-7.011175130449178,7.594555404584433,8.514708303461653
0.04389521115253481,0.4461609130230406,0.5623783585368614,-1.35606889622502,2.7336919658227963,-7.279824599432363
-0.06269484918151336,0.30428105217766055,0.7386800137597836,7.040318485082921,6.583921308963301,1.2609491493792042
-0.21505338961340026,0.02551820383846437,1.242166230055075,7.555045426460843,6.104954371655484,-2.3845174456433194
-0.2714540939206721,-0.4127665700600939,0.55300769060612,1.0038863949193217,3.83016502038366,-6.718374287046238
0.062366192169587276,-0.260780275061844,1.1477403863962192,-0.48069382625301316,-0.6919846009852559,3.194501798242422
-0.4219778574999543,-0.17271998417148604,1.008947330821194,0.02148007812778374,-2.4538294439713493,-2.871962414129632
0.4737591501324173,0.06185617060982607,1.2411020083436575,5.129202349466285,5.106650639552486,-2.0115430260021068
-0.02347765105953281,-0.15752570572979285,1.3252056608594458,-8.319522919868698,-5.3667189240168955,4.922524398651152
0.30877620033099995,-0.05735857821587653,1.4558542044929879,6.073958352950864,-9.76246492498671,-5.149571715417411
-0.3071200406896627,0.41118624577547447,0.7828747339894244,-4.737611079949748,-3.789775326271818,-4.17858021289306
0.39842299916685997,-0.4887497781539206,0.6169899518855794,-9.294849572185193,3.881546885143379,-9.817714871767178
0.3520120636548456,-0.1793494443962822,0.9788875873661839,-8.190015547447963,3.6183844706531847,-1.0023152969717035
-0.36441054526203964,0.11055409322564858,1.3106217824031234,-1.7990311887179384,4.693094281761436,-2.6573593478973656
0.2621978492175614,0.24199015488186493,1.4964600833958506,1.4257283676042132,7.469018395407119,5.733174728051507
0.4310097829905788,0.09325549260217192,1.4014485588621102,-7.401239779134492,-9.866140920412152,9.091131348443607
-0.3921293993473982,0.025303594189059697,0.9943345720139743,3.5745476352467556,-5.524702855469514,3.4055993701387965
0.19163436746041396,-0.2412222535389359,0.5682604211907326,1.7835016677312225,-7.290726488189552,4.511780748759
0.49193602383807133,-0.4203163353303946,0.5870768018297694,-8.038003838597291,7.930732115066071,4.740653389749854
0.38439629933396613,-0.289040255479342,0.5206312876453911,-1.6834542167287445,-3.192915073935789,8.229331977899633
-0.08667531905754611,-0.20751444798325358,0.5018245507923027,-4.9264941697892795,-0.09782813627488274,-0.7715036428867563
-0.46681082606863356,-0.28415627418800227,1.4056234838517025,-2.7179338500468297,-1.2095963795007947,8.837851745070363
0.22596834656144194,0.04040606506578548,1.0928359298816877,1.6395669332245326,-9.090923516768772,0.7377271395915219
-0.42559851242261193,-0.06599724152451614,0.6040456851425726,9.189143851568879,-4.992565376729814,-6.841896507612906
0.24018576656739876,0.37993390598051,0.9587968864252933,9.600672047011784,4.625526964215306,-6.655721293763623
0.48504029376806035,-0.4413814219675821,0.5927216046646285,-4.056557681716713,-2.7435378198595606,-6.897869483934209
0.36022668970128036,0.19486237448703403,1.4865260035379466,-4.708319278884305,6.824931271508007,9.744759070686058
-0.4540784233277947,-0.10860607904906705,1.281271585406838,3.7650037906742604,-4.319390219720177,-0.5250463773623153
-0.04518146247686272,-0.017252693678110775,1.027707400640287,-7.2133514071084885,5.015596457365945,7.48432857423694
0.1006023512209614,-0.04450706146128236,1.3590322671643502,5.4275734553208395,-8.029466925224273,-9.959115324420228
0.21303207217832154,-0.37346764746225547,1.2464835536002594,6.790595816653976,-4.22643752774456,-3.7742150994621078
0.03715498035817055,0.12001998749890308,1.2318923097222632,2.9674678194452504,-3.7993043489235845,3.0284854947154827
-0.28351702552137237,-0.2665442120486743,0.7751071244774392,8.829012168996634,3.5996948871994086,0.5723241998489037
-0.25970576872270423,-0.3525420516874167,0.8866643130300289,-4.50112106914731,3.765704581181419,3.6403541339375867
-0.2913360092572834,-0.47907512657527906,0.8986364504234847,9.516484855369264,6.498275323510587,4.342035024104778
-0.411135590091535,-0.10804038403134097,1.0164542908217915,6.660930211011458,9.40075971042091,-3.8014869983587225
0.4020489552449692,0.09138194067088934,1.2977906792552023,2.8815372030727033,5.2204454365201425,-0.9871433979287669
-0.35915557208361715,-0.1742120675138178,1.1728418763113475,-2.515702260196746,9.925698047595073,-7.660994133905257
0.48422829385471966,-0.06200741546146327,1.0643556557851888,-7.070608024277409,8.291236729250873,5.079359599963414
-0.3000355848374324,-0.18375494771048295,0.9711506987721308,5.952929822024755,2.1611382312860883,5.716930866958203
0.2909581644580711,-0.20599899704453428,1.0896441975708937,-4.3486797504570385,0.7510200789505443,5.887022945528875
-0.01671959674376855,0.4914900916179157,0.5841758560779117,8.510667796492285,-7.750458751422478,-3.037331293876835
0.17469391276560875,0.20218575665116612,0.9383747823225054,-5.000893568783047,-9.767032270539897,8.00342826393662
0.06804690092078591,0.19198535068553413,0.723183456641223,6.501836376334257,0.7320699247886768,2.6482669563428214
0.3957042504370316,0.22682897606619157,0.598946049019716,3.146706814371232,-5.230943239285793,-2.926380778585904
-0.0431482142340337,0.3631531657361601,1.1422874708970665,-6.124991623357065,8.06568671447652,-7.731181728411267
0.14585192189890606,0.2449188158715463,1.1541255042533585,4.877355347781888,-4.4696079178011905,-4.34750040421517
-0.396830223199946,0.3435058593522251,0.6538516572041916,2.0692507115188192,7.439885190655772,-1.6036841860625746
-0.09163235880746745,0.4762911557448205,1.3082259514357382,-8.302524139772169,-6.662497120044179,-3.6797673494556378
-0.2459600278028119,0.0004964361285617613,1.263114911580313,3.8465345986488266,2.0968108792321356,-9.615392388814687
